Superficie;Nombre Piece;Prix
64m2;3p;830 000 Euros
122m2;5p;1 470 000 Euros
5m2;1p;65 000 Euros
8m2;1p;87 000 Euros
7m2;1p;103 000 Euros
9m2;1p;115 000 Euros
10m2;1p;128 000 Euros
10m2;1p;135 000 Euros
11m2;1p;138 000 Euros
12m2;1p;143 000 Euros
12m2;1p;150 000 Euros
14m2;1p;165 000 Euros
14m2;1p;167 000 Euros
20m2;1p;174 000 Euros
15m2;1p;188 000 Euros
16m2;1p;190 000 Euros
13m2;1p;195 000 Euros
25m2;1p;199 000 Euros
20m2;1p;209 000 Euros
20m2;1p;219 000 Euros
18m2;1p;220 000 Euros
18m2;1p;228 000 Euros
50m2;2p;485 000 Euros
90m2;4p;950 000 Euros
30m2;2p;324 000 Euros
85m2;3p;1 090 000 Euros
95m2;5p;950 000 Euros
21m2;1p;235 000 Euros
20m2;1p;240 000 Euros
20m2;1p;240 000 Euros
16m2;1p;240 000 Euros
21m2;1p;250 000 Euros
24m2;1p;250 000 Euros
23m2;1p;250 000 Euros
25m2;2p;252 000 Euros
26m2;1p;255 000 Euros
14m2;1p;255 000 Euros
24m2;1p;255 000 Euros
28m2;1p;259 900 Euros
30m2;1p;264 000 Euros
12m2;1p;265 000 Euros
21m2;1p;269 000 Euros
18m2;1p;270 000 Euros
16m2;1p;275 000 Euros
20m2;1p;282 000 Euros
28m2;1p;290 000 Euros
21m2;2p;290 000 Euros
31m2;2p;295 000 Euros
32m2;1p;297 000 Euros
33m2;1p;299 000 Euros
28m2;1p;299 600 Euros
29m2;1p;300 000 Euros
25m2;1p;300 000 Euros
17m2;1p;306 000 Euros
25m2;2p;308 000 Euros
23m2;1p;310 000 Euros
25m2;2p;310 000 Euros
27m2;2p;310 000 Euros
36m2;2p;310 000 Euros
26m2;1p;310 000 Euros
18m2;1p;310 000 Euros
28m2;1p;315 000 Euros
22m2;1p;315 000 Euros
30m2;2p;317 000 Euros
32m2;1p;325 000 Euros
35m2;2p;330 000 Euros
25m2;1p;330 000 Euros
26m2;1p;332 700 Euros
24m2;1p;333 000 Euros
24m2;2p;335 000 Euros
29m2;1p;340 000 Euros
28m2;1p;343 000 Euros
31m2;1p;345 000 Euros
34m2;1p;345 000 Euros
28m2;2p;347 000 Euros
37m2;2p;348 000 Euros
29m2;1p;349 000 Euros
33m2;2p;350 000 Euros
29m2;1p;353 000 Euros
33m2;2p;353 600 Euros
28m2;2p;360 000 Euros
26m2;1p;360 000 Euros
36m2;2p;360 000 Euros
38m2;2p;365 000 Euros
22m2;1p;369 000 Euros
33m2;2p;370 000 Euros
29m2;1p;371 000 Euros
28m2;1p;372 000 Euros
31m2;2p;372 000 Euros
42m2;1p;374 000 Euros
47m2;2p;375 000 Euros
35m2;2p;375 000 Euros
35m2;2p;378 000 Euros
25m2;1p;380 000 Euros
33m2;2p;388 000 Euros
41m2;2p;389 000 Euros
34m2;2p;390 000 Euros
35m2;2p;390 000 Euros
50m2;3p;393 750 Euros
28m2;2p;393 750 Euros
37m2;2p;395 000 Euros
30m2;2p;395 000 Euros
23m2;1p;398 000 Euros
34m2;2p;398 000 Euros
41m2;1p;399 000 Euros
40m2;2p;400 000 Euros
31m2;1p;400 000 Euros
30m2;1p;400 000 Euros
40m2;3p;400 000 Euros
m2;1p;402 000 Euros
34m2;1p;410 000 Euros
41m2;2p;410 000 Euros
43m2;2p;415 000 Euros
27m2;2p;415 000 Euros
21m2;1p;420 000 Euros
50m2;2p;420 000 Euros
43m2;2p;420 000 Euros
21m2;1p;420 000 Euros
29m2;2p;425 000 Euros
37m2;2p;425 000 Euros
48m2;2p;428 400 Euros
51m2;2p;429 000 Euros
23m2;2p;430 000 Euros
35m2;2p;432 000 Euros
48m2;2p;437 000 Euros
49m2;2p;440 000 Euros
28m2;1p;440 000 Euros
28m2;1p;443 000 Euros
46m2;2p;445 000 Euros
30m2;1p;445 000 Euros
39m2;2p;448 000 Euros
36m2;1p;449 000 Euros
55m2;2p;449 000 Euros
39m2;2p;449 650 Euros
34m2;2p;450 000 Euros
32m2;1p;450 000 Euros
41m2;2p;452 000 Euros
47m2;2p;455 000 Euros
45m2;1p;455 000 Euros
53m2;2p;460 000 Euros
42m2;2p;465 000 Euros
38m2;2p;465 000 Euros
61m2;3p;465 000 Euros
41m2;2p;467 000 Euros
50m2;2p;469 000 Euros
41m2;2p;470 000 Euros
51m2;3p;470 000 Euros
51m2;3p;470 000 Euros
46m2;2p;471 000 Euros
39m2;2p;472 500 Euros
52m2;2p;472 500 Euros
46m2;2p;475 000 Euros
38m2;2p;475 000 Euros
44m2;2p;475 000 Euros
42m2;3p;475 000 Euros
26m2;2p;480 000 Euros
26m2;2p;480 000 Euros
49m2;3p;480 000 Euros
33m2;2p;482 000 Euros
48m2;2p;485 000 Euros
54m2;3p;485 000 Euros
32m2;1p;485 000 Euros
50m2;3p;486 000 Euros
36m2;1p;492 000 Euros
36m2;2p;495 000 Euros
52m2;3p;495 000 Euros
40m2;2p;495 500 Euros
65m2;3p;497 000 Euros
54m2;2p;499 000 Euros
35m2;2p;499 000 Euros
44m2;2p;500 000 Euros
82m2;4p;500 000 Euros
54m2;2p;500 000 Euros
49m2;2p;505 000 Euros
70m2;3p;510 000 Euros
37m2;1p;519 000 Euros
48m2;2p;519 000 Euros
32m2;1p;520 000 Euros
54m2;3p;520 000 Euros
52m2;3p;520 000 Euros
47m2;2p;522 000 Euros
30m2;2p;525 000 Euros
61m2;3p;525 000 Euros
64m2;3p;528 000 Euros
51m2;2p;529 000 Euros
45m2;2p;530 000 Euros
55m2;2p;531 000 Euros
32m2;1p;535 000 Euros
55m2;3p;535 000 Euros
32m2;2p;537 000 Euros
47m2;3p;539 000 Euros
51m2;2p;540 800 Euros
39m2;2p;544 000 Euros
31m2;1p;545 000 Euros
50m2;3p;545 000 Euros
56m2;3p;548 000 Euros
53m2;3p;549 000 Euros
47m2;2p;550 000 Euros
58m2;3p;558 500 Euros
33m2;1p;560 000 Euros
64m2;3p;560 000 Euros
57m2;3p;562 000 Euros
55m2;2p;565 000 Euros
58m2;3p;565 000 Euros
44m2;2p;565 000 Euros
49m2;3p;567 000 Euros
50m2;3p;568 000 Euros
52m2;2p;569 000 Euros
34m2;2p;570 000 Euros
47m2;2p;571 000 Euros
50m2;2p;572 000 Euros
57m2;3p;575 000 Euros
44m2;2p;575 000 Euros
30m2;1p;575 000 Euros
53m2;3p;580 000 Euros
53m2;2p;580 000 Euros
42m2;2p;584 000 Euros
58m2;3p;585 000 Euros
60m2;3p;588 000 Euros
59m2;3p;590 000 Euros
59m2;3p;590 000 Euros
50m2;3p;590 000 Euros
58m2;3p;590 000 Euros
58m2;3p;590 000 Euros
56m2;3p;595 000 Euros
52m2;3p;595 000 Euros
52m2;2p;595 000 Euros
65m2;3p;596 000 Euros
47m2;3p;597 000 Euros
58m2;2p;598 000 Euros
49m2;2p;599 000 Euros
54m2;3p;599 000 Euros
57m2;3p;599 000 Euros
69m2;3p;600 000 Euros
58m2;3p;600 000 Euros
38m2;2p;600 000 Euros
43m2;1p;600 000 Euros
44m2;2p;600 000 Euros
60m2;3p;605 000 Euros
54m2;1p;610 000 Euros
36m2;1p;610 000 Euros
65m2;3p;615 000 Euros
69m2;3p;615 000 Euros
50m2;2p;618 000 Euros
55m2;3p;618 000 Euros
63m2;3p;619 000 Euros
50m2;2p;620 000 Euros
45m2;2p;620 000 Euros
52m2;3p;625 000 Euros
65m2;3p;629 000 Euros
55m2;3p;629 000 Euros
68m2;4p;630 000 Euros
64m2;3p;635 000 Euros
54m2;2p;639 000 Euros
56m2;3p;639 000 Euros
62m2;3p;640 000 Euros
60m2;3p;645 000 Euros
57m2;3p;645 000 Euros
48m2;3p;645 000 Euros
57m2;2p;645 000 Euros
66m2;3p;648 000 Euros
44m2;2p;649 000 Euros
51m2;2p;649 000 Euros
67m2;3p;649 000 Euros
59m2;3p;649 000 Euros
63m2;3p;650 000 Euros
53m2;2p;650 000 Euros
53m2;2p;650 000 Euros
42m2;3p;650 000 Euros
50m2;2p;650 000 Euros
55m2;2p;650 000 Euros
63m2;2p;655 000 Euros
50m2;3p;655 000 Euros
65m2;3p;657 200 Euros
52m2;2p;660 000 Euros
55m2;3p;675 000 Euros
56m2;2p;678 000 Euros
71m2;3p;679 000 Euros
63m2;2p;679 250 Euros
79m2;3p;680 000 Euros
71m2;4p;680 000 Euros
72m2;3p;683 000 Euros
32m2;2p;685 000 Euros
62m2;3p;690 000 Euros
86m2;4p;695 000 Euros
50m2;3p;695 000 Euros
71m2;3p;695 000 Euros
60m2;3p;699 000 Euros
77m2;3p;699 000 Euros
65m2;3p;699 900 Euros
68m2;3p;700 000 Euros
66m2;3p;700 000 Euros
58m2;2p;700 000 Euros
62m2;3p;706 000 Euros
62m2;3p;706 000 Euros
60m2;3p;715 000 Euros
53m2;3p;725 000 Euros
71m2;3p;725 900 Euros
65m2;3p;728 000 Euros
59m2;2p;730 000 Euros
65m2;3p;730 000 Euros
54m2;2p;740 000 Euros
54m2;3p;740 000 Euros
42m2;2p;740 000 Euros
54m2;2p;745 000 Euros
40m2;2p;745 000 Euros
95m2;4p;745 000 Euros
57m2;3p;749 000 Euros
56m2;2p;749 000 Euros
77m2;4p;750 000 Euros
70m2;3p;750 000 Euros
47m2;2p;750 000 Euros
45m2;3p;750 000 Euros
50m2;2p;750 000 Euros
62m2;2p;750 000 Euros
70m2;3p;755 000 Euros
62m2;3p;756 000 Euros
68m2;3p;760 000 Euros
55m2;2p;760 000 Euros
47m2;2p;765 000 Euros
80m2;3p;766 500 Euros
60m2;2p;770 000 Euros
91m2;4p;772 500 Euros
51m2;2p;773 000 Euros
70m2;2p;778 500 Euros
44m2;2p;780 000 Euros
70m2;3p;785 000 Euros
79m2;4p;785 000 Euros
57m2;3p;785 000 Euros
57m2;3p;789 500 Euros
127m2;5p;790 000 Euros
86m2;4p;790 000 Euros
81m2;5p;790 400 Euros
56m2;3p;795 000 Euros
46m2;3p;795 000 Euros
73m2;3p;795 000 Euros
64m2;3p;795 000 Euros
66m2;3p;795 000 Euros
105m2;5p;799 000 Euros
85m2;4p;799 000 Euros
73m2;3p;799 000 Euros
81m2;3p;799 000 Euros
72m2;3p;800 000 Euros
56m2;2p;800 000 Euros
65m2;3p;800 000 Euros
66m2;3p;800 000 Euros
63m2;2p;815 000 Euros
75m2;3p;815 000 Euros
72m2;3p;820 000 Euros
72m2;3p;825 000 Euros
49m2;3p;829 000 Euros
80m2;3p;830 000 Euros
78m2;3p;830 000 Euros
91m2;3p;840 000 Euros
90m2;4p;848 700 Euros
84m2;4p;849 000 Euros
72m2;3p;855 000 Euros
115m2;4p;858 000 Euros
70m2;3p;860 000 Euros
72m2;3p;860 000 Euros
77m2;4p;863 000 Euros
80m2;3p;865 000 Euros
65m2;3p;869 000 Euros
88m2;3p;880 000 Euros
87m2;3p;884 000 Euros
45m2;2p;885 000 Euros
96m2;5p;890 000 Euros
49m2;2p;890 000 Euros
74m2;4p;890 000 Euros
87m2;4p;895 000 Euros
76m2;4p;895 000 Euros
90m2;5p;895 000 Euros
84m2;3p;895 000 Euros
84m2;4p;898 000 Euros
80m2;3p;899 000 Euros
45m2;2p;900 000 Euros
85m2;4p;905 500 Euros
90m2;3p;915 000 Euros
64m2;3p;915 000 Euros
80m2;3p;935 000 Euros
79m2;4p;945 000 Euros
87m2;4p;949 000 Euros
97m2;4p;949 000 Euros
71m2;3p;950 000 Euros
74m2;3p;950 000 Euros
78m2;2p;956 500 Euros
102m2;4p;965 000 Euros
180m2;6p;980 000 Euros
112m2;4p;980 000 Euros
82m2;3p;980 000 Euros
80m2;3p;984 000 Euros
74m2;4p;985 000 Euros
77m2;4p;986 000 Euros
92m2;4p;987 000 Euros
56m2;2p;990 000 Euros
92m2;4p;990 000 Euros
73m2;3p;995 000 Euros
84m2;3p;995 000 Euros
118m2;5p;995 000 Euros
68m2;2p;998 000 Euros
83m2;2p;1 010 000 Euros
64m2;3p;1 025 000 Euros
90m2;3p;1 040 000 Euros
92m2;4p;1 045 000 Euros
82m2;2p;1 045 000 Euros
67m2;2p;1 045 000 Euros
98m2;4p;1 050 000 Euros
98m2;4p;1 050 000 Euros
80m2;4p;1 050 000 Euros
85m2;3p;1 050 000 Euros
96m2;5p;1 057 000 Euros
67m2;3p;1 075 000 Euros
107m2;4p;1 075 000 Euros
91m2;4p;1 077 000 Euros
101m2;5p;1 080 000 Euros
112m2;4p;1 096 000 Euros
112m2;4p;1 096 000 Euros
92m2;4p;1 100 000 Euros
101m2;4p;1 135 000 Euros
91m2;4p;1 140 000 Euros
99m2;4p;1 150 000 Euros
65m2;3p;1 150 000 Euros
66m2;3p;1 150 000 Euros
65m2;2p;1 150 000 Euros
87m2;3p;1 151 983 Euros
106m2;4p;1 167 000 Euros
118m2;4p;1 170 000 Euros
115m2;4p;1 185 000 Euros
100m2;5p;1 190 000 Euros
89m2;3p;1 200 000 Euros
100m2;4p;1 215 000 Euros
90m2;4p;1 218 000 Euros
102m2;3p;1 220 000 Euros
80m2;2p;1 229 000 Euros
107m2;5p;1 230 000 Euros
120m2;6p;1 236 000 Euros
112m2;4p;1 240 000 Euros
100m2;5p;1 240 000 Euros
100m2;5p;1 240 000 Euros
140m2;7p;1 250 000 Euros
112m2;4p;1 260 000 Euros
63m2;3p;1 260 000 Euros
103m2;5p;1 265 000 Euros
97m2;3p;1 280 000 Euros
123m2;6p;1 290 000 Euros
123m2;5p;1 290 000 Euros
102m2;5p;1 295 000 Euros
138m2;5p;1 296 000 Euros
92m2;5p;1 300 000 Euros
129m2;6p;1 300 000 Euros
104m2;4p;1 315 000 Euros
108m2;4p;1 330 000 Euros
122m2;4p;1 339 000 Euros
143m2;5p;1 350 000 Euros
103m2;4p;1 350 000 Euros
130m2;4p;1 359 000 Euros
140m2;7p;1 359 000 Euros
131m2;5p;1 360 000 Euros
89m2;3p;1 365 000 Euros
89m2;3p;1 365 000 Euros
145m2;5p;1 370 000 Euros
125m2;5p;1 383 200 Euros
98m2;4p;1 390 000 Euros
112m2;5p;1 395 000 Euros
96m2;4p;1 395 000 Euros
96m2;3p;1 395 000 Euros
102m2;5p;1 400 000 Euros
111m2;5p;1 420 000 Euros
134m2;5p;1 430 000 Euros
120m2;6p;1 440 000 Euros
77m2;3p;1 450 000 Euros
108m2;5p;1 450 000 Euros
127m2;5p;1 450 000 Euros
86m2;5p;1 460 000 Euros
164m2;7p;1 470 000 Euros
118m2;5p;1 490 000 Euros
92m2;3p;1 495 000 Euros
97m2;3p;1 495 000 Euros
120m2;5p;1 495 000 Euros
60m2;3p;1 500 000 Euros
161m2;5p;1 500 000 Euros
95m2;3p;1 500 000 Euros
90m2;3p;1 530 000 Euros
111m2;5p;1 544 000 Euros
114m2;4p;1 545 000 Euros
110m2;5p;1 550 000 Euros
134m2;5p;1 550 000 Euros
86m2;3p;1 559 000 Euros
176m2;5p;1 570 000 Euros
60m2;3p;1 575 000 Euros
79m2;3p;1 590 000 Euros
136m2;5p;1 590 000 Euros
98m2;4p;1 595 000 Euros
116m2;5p;1 600 000 Euros
136m2;5p;1 605 000 Euros
128m2;5p;1 645 000 Euros
105m2;5p;1 665 000 Euros
177m2;6p;1 670 000 Euros
158m2;4p;1 690 000 Euros
150m2;5p;1 690 000 Euros
123m2;4p;1 690 000 Euros
123m2;4p;1 690 000 Euros
128m2;5p;1 696 000 Euros
138m2;6p;1 730 000 Euros
89m2;4p;1 750 000 Euros
146m2;5p;1 750 000 Euros
173m2;6p;1 750 000 Euros
157m2;6p;1 750 000 Euros
144m2;6p;1 795 000 Euros
92m2;3p;1 800 000 Euros
100m2;4p;1 850 000 Euros
129m2;4p;1 855 854 Euros
80m2;4p;1 880 000 Euros
138m2;4p;1 890 000 Euros
113m2;4p;1 890 000 Euros
128m2;5p;1 910 000 Euros
124m2;5p;1 937 250 Euros
117m2;5p;1 940 000 Euros
85m2;4p;1 990 000 Euros
138m2;4p;1 997 170 Euros
166m2;5p;1 999 000 Euros
115m2;4p;2 060 000 Euros
121m2;4p;2 075 000 Euros
159m2;6p;2 100 000 Euros
153m2;5p;2 100 000 Euros
159m2;6p;2 100 000 Euros
250m2;8p;2 150 000 Euros
160m2;5p;2 190 000 Euros
122m2;5p;2 190 000 Euros
163m2;6p;2 200 000 Euros
107m2;4p;2 250 000 Euros
125m2;4p;2 250 000 Euros
135m2;4p;2 266 000 Euros
164m2;7p;2 284 000 Euros
169m2;6p;2 295 000 Euros
169m2;6p;2 295 000 Euros
154m2;5p;2 310 000 Euros
198m2;6p;2 448 373 Euros
182m2;6p;2 472 000 Euros
174m2;6p;2 495 000 Euros
218m2;8p;2 495 000 Euros
132m2;5p;2 550 000 Euros
217m2;5p;2 575 000 Euros
137m2;4p;2 575 000 Euros
124m2;5p;2 580 000 Euros
124m2;5p;2 580 000 Euros
169m2;6p;2 590 000 Euros
125m2;4p;2 600 000 Euros
149m2;6p;2 630 000 Euros
229m2;7p;2 680 000 Euros
142m2;6p;2 790 000 Euros
247m2;8p;2 800 000 Euros
176m2;6p;2 850 000 Euros
152m2;6p;2 900 000 Euros
148m2;5p;2 980 000 Euros
217m2;7p;2 990 000 Euros
90m2;3p;3 150 000 Euros
132m2;5p;3 200 000 Euros
227m2;6p;3 300 000 Euros
271m2;8p;3 300 000 Euros
141m2;5p;3 360 000 Euros
231m2;9p;3 600 000 Euros
215m2;5p;3 750 000 Euros
216m2;7p;3 880 000 Euros
180m2;4p;3 885 000 Euros
235m2;7p;3 900 000 Euros
259m2;6p;3 950 000 Euros
217m2;6p;3 950 000 Euros
199m2;7p;3 950 000 Euros
232m2;6p;4 700 000 Euros
190m2;5p;5 750 000 Euros
190m2;5p;5 750 000 Euros
254m2;6p;9 225 000 Euros
5m2;1p;45 000 Euros
6m2;1p;60 000 Euros
6m2;1p;63 000 Euros
7m2;1p;64 500 Euros
9m2;1p;66 000 Euros
9m2;1p;75 000 Euros
7m2;1p;78 000 Euros
8m2;1p;80 000 Euros
9m2;1p;81 500 Euros
10m2;1p;86 000 Euros
7m2;1p;89 000 Euros
8m2;1p;90 000 Euros
9m2;1p;93 000 Euros
6m2;1p;98 000 Euros
8m2;1p;100 000 Euros
10m2;1p;105 000 Euros
10m2;1p;105 000 Euros
9m2;1p;105 000 Euros
6m2;1p;109 000 Euros
9m2;1p;116 600 Euros
11m2;1p;117 000 Euros
17m2;2p;120 000 Euros
7m2;1p;120 000 Euros
9m2;1p;122 000 Euros
10m2;1p;125 000 Euros
11m2;1p;127 000 Euros
10m2;1p;128 400 Euros
10m2;1p;130 000 Euros
11m2;1p;135 000 Euros
m2;1p;139 000 Euros
11m2;1p;145 000 Euros
11m2;1p;145 000 Euros
14m2;1p;150 000 Euros
12m2;1p;150 500 Euros
18m2;1p;155 000 Euros
13m2;1p;155 000 Euros
13m2;1p;159 000 Euros
13m2;1p;160 000 Euros
9m2;1p;160 000 Euros
13m2;1p;160 000 Euros
9m2;1p;162 000 Euros
13m2;1p;172 000 Euros
13m2;1p;176 000 Euros
16m2;1p;178 000 Euros
17m2;1p;180 000 Euros
17m2;1p;180 000 Euros
18m2;1p;185 000 Euros
15m2;1p;185 000 Euros
17m2;1p;185 000 Euros
16m2;1p;188 000 Euros
24m2;2p;189 500 Euros
19m2;1p;190 000 Euros
17m2;1p;190 000 Euros
16m2;1p;190 750 Euros
20m2;2p;193 800 Euros
13m2;1p;195 000 Euros
25m2;1p;201 400 Euros
21m2;1p;203 000 Euros
21m2;1p;205 000 Euros
16m2;1p;205 000 Euros
18m2;1p;210 000 Euros
20m2;1p;210 000 Euros
15m2;1p;210 000 Euros
21m2;1p;210 000 Euros
19m2;1p;214 000 Euros
17m2;1p;214 000 Euros
23m2;1p;215 000 Euros
23m2;1p;215 000 Euros
19m2;2p;219 000 Euros
17m2;1p;220 000 Euros
15m2;1p;220 000 Euros
17m2;1p;220 000 Euros
25m2;1p;223 000 Euros
38m2;1p;223 600 Euros
18m2;1p;229 000 Euros
23m2;1p;229 000 Euros
17m2;1p;230 000 Euros
19m2;1p;230 000 Euros
18m2;1p;230 000 Euros
26m2;1p;230 000 Euros
20m2;2p;230 000 Euros
28m2;2p;231 000 Euros
19m2;1p;238 000 Euros
24m2;1p;238 500 Euros
21m2;1p;240 000 Euros
21m2;1p;240 000 Euros
21m2;1p;240 000 Euros
25m2;1p;244 000 Euros
26m2;1p;244 000 Euros
22m2;1p;245 000 Euros
23m2;1p;245 000 Euros
21m2;1p;248 000 Euros
22m2;1p;248 400 Euros
18m2;1p;249 000 Euros
18m2;1p;249 000 Euros
29m2;2p;249 500 Euros
24m2;1p;250 000 Euros
15m2;1p;250 000 Euros
19m2;1p;250 000 Euros
28m2;1p;250 000 Euros
24m2;1p;254 400 Euros
24m2;1p;255 000 Euros
25m2;1p;255 000 Euros
22m2;1p;255 000 Euros
16m2;1p;257 000 Euros
24m2;1p;258 000 Euros
19m2;2p;260 000 Euros
25m2;2p;260 000 Euros
24m2;1p;260 000 Euros
26m2;1p;260 000 Euros
23m2;2p;260 000 Euros
41m2;1p;262 000 Euros
21m2;1p;263 000 Euros
22m2;1p;265 000 Euros
22m2;1p;265 000 Euros
25m2;2p;265 000 Euros
26m2;1p;265 000 Euros
26m2;2p;265 000 Euros
25m2;2p;265 000 Euros
20m2;2p;265 000 Euros
26m2;1p;265 000 Euros
14m2;1p;267 500 Euros
17m2;1p;267 700 Euros
25m2;1p;268 000 Euros
24m2;1p;270 000 Euros
26m2;1p;270 000 Euros
27m2;1p;270 000 Euros
30m2;2p;270 000 Euros
28m2;1p;270 000 Euros
26m2;1p;274 000 Euros
29m2;1p;275 000 Euros
15m2;1p;275 600 Euros
24m2;2p;278 000 Euros
24m2;2p;278 250 Euros
33m2;1p;279 000 Euros
25m2;2p;279 000 Euros
24m2;1p;280 000 Euros
29m2;1p;281 500 Euros
24m2;1p;284 850 Euros
31m2;2p;285 000 Euros
24m2;1p;285 000 Euros
25m2;1p;285 000 Euros
21m2;1p;285 000 Euros
24m2;1p;286 200 Euros
33m2;2p;287 500 Euros
34m2;2p;288 750 Euros
22m2;1p;289 600 Euros
26m2;2p;290 000 Euros
27m2;1p;290 000 Euros
23m2;1p;290 000 Euros
31m2;2p;290 000 Euros
30m2;3p;290 000 Euros
25m2;1p;290 000 Euros
30m2;2p;294 750 Euros
31m2;1p;295 000 Euros
31m2;2p;296 000 Euros
31m2;1p;298 000 Euros
26m2;1p;298 000 Euros
38m2;2p;298 700 Euros
33m2;2p;298 900 Euros
26m2;2p;298 920 Euros
23m2;1p;299 000 Euros
25m2;2p;299 000 Euros
27m2;2p;299 000 Euros
27m2;2p;299 000 Euros
26m2;2p;299 000 Euros
34m2;2p;299 000 Euros
33m2;2p;300 000 Euros
32m2;1p;300 000 Euros
27m2;1p;300 000 Euros
24m2;1p;300 000 Euros
34m2;1p;300 000 Euros
24m2;1p;302 000 Euros
31m2;2p;305 000 Euros
26m2;2p;307 000 Euros
32m2;1p;309 000 Euros
17m2;1p;310 000 Euros
34m2;2p;310 000 Euros
27m2;2p;310 000 Euros
25m2;1p;310 000 Euros
27m2;2p;310 000 Euros
27m2;2p;310 000 Euros
26m2;2p;310 000 Euros
30m2;2p;310 000 Euros
27m2;2p;310 000 Euros
22m2;2p;314 500 Euros
30m2;2p;315 000 Euros
30m2;2p;315 000 Euros
27m2;1p;315 000 Euros
19m2;1p;315 000 Euros
23m2;1p;315 000 Euros
28m2;1p;316 000 Euros
32m2;2p;316 300 Euros
26m2;1p;316 500 Euros
38m2;2p;318 000 Euros
29m2;2p;320 000 Euros
29m2;2p;320 000 Euros
22m2;1p;320 000 Euros
31m2;1p;320 000 Euros
27m2;1p;321 000 Euros
25m2;1p;322 000 Euros
31m2;2p;324 000 Euros
22m2;1p;325 000 Euros
25m2;1p;325 000 Euros
33m2;1p;325 000 Euros
21m2;1p;325 500 Euros
26m2;1p;327 000 Euros
34m2;1p;330 000 Euros
29m2;1p;330 000 Euros
27m2;1p;330 000 Euros
31m2;1p;330 000 Euros
27m2;1p;330 000 Euros
34m2;2p;330 000 Euros
31m2;1p;330 000 Euros
34m2;2p;330 000 Euros
31m2;1p;330 000 Euros
29m2;1p;330 000 Euros
31m2;2p;330 000 Euros
34m2;1p;331 000 Euros
30m2;1p;332 000 Euros
30m2;1p;332 000 Euros
24m2;2p;333 000 Euros
24m2;2p;333 000 Euros
35m2;2p;334 900 Euros
33m2;1p;335 000 Euros
27m2;1p;335 000 Euros
32m2;2p;336 000 Euros
24m2;1p;336 000 Euros
32m2;2p;336 000 Euros
33m2;2p;337 600 Euros
24m2;2p;338 000 Euros
37m2;2p;338 000 Euros
26m2;1p;339 000 Euros
27m2;1p;339 000 Euros
27m2;1p;339 000 Euros
35m2;2p;339 000 Euros
30m2;1p;339 500 Euros
34m2;2p;339 900 Euros
27m2;1p;340 000 Euros
35m2;1p;340 000 Euros
33m2;2p;344 000 Euros
31m2;2p;345 000 Euros
32m2;2p;345 000 Euros
22m2;2p;345 000 Euros
34m2;2p;345 000 Euros
30m2;2p;348 000 Euros
32m2;2p;348 000 Euros
30m2;2p;348 900 Euros
29m2;1p;349 000 Euros
41m2;2p;350 000 Euros
34m2;2p;350 000 Euros
36m2;1p;350 000 Euros
38m2;2p;350 000 Euros
33m2;2p;350 000 Euros
27m2;1p;350 000 Euros
36m2;2p;350 000 Euros
34m2;1p;350 000 Euros
24m2;1p;350 000 Euros
24m2;2p;355 000 Euros
31m2;2p;355 000 Euros
32m2;2p;356 000 Euros
32m2;2p;356 000 Euros
37m2;2p;358 000 Euros
26m2;1p;359 000 Euros
37m2;2p;360 000 Euros
26m2;2p;360 000 Euros
49m2;2p;360 000 Euros
25m2;1p;360 000 Euros
35m2;1p;360 000 Euros
30m2;1p;362 000 Euros
32m2;1p;363 000 Euros
39m2;2p;364 000 Euros
41m2;2p;365 000 Euros
52m2;2p;365 000 Euros
39m2;2p;365 000 Euros
43m2;2p;365 000 Euros
30m2;1p;365 000 Euros
42m2;2p;365 000 Euros
34m2;2p;367 000 Euros
33m2;2p;367 500 Euros
42m2;2p;367 500 Euros
29m2;1p;368 000 Euros
29m2;2p;368 000 Euros
26m2;2p;368 000 Euros
44m2;2p;369 000 Euros
30m2;1p;369 000 Euros
48m2;2p;369 000 Euros
36m2;2p;369 900 Euros
37m2;2p;370 000 Euros
32m2;2p;370 000 Euros
44m2;2p;371 500 Euros
32m2;1p;372 000 Euros
50m2;2p;374 000 Euros
35m2;2p;375 000 Euros
44m2;3p;378 000 Euros
35m2;2p;379 000 Euros
37m2;2p;380 000 Euros
45m2;2p;380 000 Euros
40m2;1p;380 000 Euros
50m2;3p;380 000 Euros
37m2;1p;380 000 Euros
36m2;2p;382 000 Euros
38m2;2p;385 000 Euros
34m2;2p;388 000 Euros
42m2;2p;388 500 Euros
44m2;3p;389 000 Euros
34m2;2p;389 000 Euros
57m2;3p;389 000 Euros
25m2;2p;390 000 Euros
38m2;2p;390 000 Euros
46m2;2p;390 000 Euros
36m2;2p;390 000 Euros
29m2;2p;395 000 Euros
46m2;2p;395 000 Euros
45m2;2p;395 000 Euros
40m2;1p;395 000 Euros
38m2;2p;395 000 Euros
35m2;1p;397 000 Euros
39m2;2p;399 000 Euros
31m2;1p;399 000 Euros
41m2;2p;399 000 Euros
32m2;1p;399 000 Euros
30m2;2p;399 000 Euros
30m2;1p;399 000 Euros
40m2;2p;400 000 Euros
39m2;2p;400 000 Euros
24m2;2p;400 000 Euros
38m2;2p;400 000 Euros
42m2;2p;400 000 Euros
31m2;1p;400 000 Euros
34m2;2p;400 000 Euros
40m2;2p;400 000 Euros
38m2;1p;403 500 Euros
44m2;2p;405 000 Euros
42m2;2p;409 500 Euros
38m2;3p;410 000 Euros
41m2;2p;410 000 Euros
33m2;2p;410 000 Euros
41m2;2p;410 000 Euros
39m2;2p;410 000 Euros
41m2;2p;410 000 Euros
45m2;2p;411 000 Euros
42m2;1p;414 000 Euros
41m2;2p;414 000 Euros
33m2;1p;415 000 Euros
38m2;2p;415 000 Euros
42m2;2p;415 000 Euros
33m2;2p;415 000 Euros
43m2;2p;419 290 Euros
44m2;2p;420 000 Euros
26m2;2p;420 000 Euros
33m2;2p;420 000 Euros
21m2;1p;420 000 Euros
45m2;2p;420 000 Euros
21m2;1p;420 000 Euros
45m2;2p;420 000 Euros
40m2;2p;420 000 Euros
44m2;2p;420 000 Euros
43m2;2p;420 000 Euros
40m2;2p;420 000 Euros
35m2;2p;420 000 Euros
35m2;2p;425 000 Euros
45m2;2p;425 000 Euros
56m2;3p;425 000 Euros
39m2;2p;425 000 Euros
35m2;2p;425 000 Euros
44m2;2p;425 250 Euros
48m2;2p;428 000 Euros
39m2;2p;428 500 Euros
45m2;3p;429 000 Euros
41m2;2p;429 000 Euros
44m2;1p;430 000 Euros
45m2;3p;430 000 Euros
39m2;2p;430 000 Euros
52m2;3p;430 000 Euros
37m2;2p;430 000 Euros
40m2;2p;430 000 Euros
47m2;2p;430 000 Euros
27m2;2p;431 000 Euros
36m2;2p;432 000 Euros
52m2;2p;433 000 Euros
39m2;2p;435 000 Euros
36m2;2p;435 000 Euros
47m2;3p;435 000 Euros
41m2;2p;435 000 Euros
35m2;2p;435 000 Euros
35m2;2p;435 000 Euros
23m2;2p;435 000 Euros
36m2;1p;435 000 Euros
38m2;3p;435 000 Euros
38m2;2p;435 000 Euros
50m2;2p;437 000 Euros
46m2;2p;439 000 Euros
35m2;1p;440 000 Euros
70m2;3p;443 000 Euros
40m2;2p;444 000 Euros
42m2;3p;445 000 Euros
44m2;3p;445 000 Euros
29m2;1p;445 000 Euros
31m2;1p;445 000 Euros
49m2;2p;448 000 Euros
39m2;2p;449 440 Euros
43m2;3p;449 500 Euros
48m2;2p;449 900 Euros
43m2;2p;450 000 Euros
29m2;2p;450 000 Euros
40m2;2p;450 000 Euros
40m2;2p;450 000 Euros
39m2;1p;450 000 Euros
27m2;1p;450 000 Euros
44m2;3p;450 000 Euros
39m2;2p;450 000 Euros
43m2;2p;450 000 Euros
32m2;2p;450 000 Euros
45m2;2p;450 000 Euros
27m2;1p;450 000 Euros
44m2;3p;450 000 Euros
51m2;2p;450 000 Euros
45m2;2p;450 000 Euros
45m2;1p;450 000 Euros
39m2;2p;450 000 Euros
43m2;2p;450 500 Euros
31m2;2p;451 500 Euros
47m2;2p;455 000 Euros
54m2;2p;455 000 Euros
55m2;3p;455 000 Euros
48m2;2p;459 000 Euros
38m2;2p;460 000 Euros
44m2;2p;460 000 Euros
36m2;2p;460 000 Euros
54m2;2p;460 000 Euros
46m2;2p;460 000 Euros
34m2;2p;462 000 Euros
43m2;3p;464 000 Euros
31m2;2p;464 000 Euros
35m2;2p;465 000 Euros
42m2;2p;465 000 Euros
50m2;2p;465 000 Euros
42m2;2p;466 000 Euros
72m2;4p;467 250 Euros
47m2;2p;468 000 Euros
38m2;2p;468 000 Euros
43m2;2p;469 000 Euros
49m2;2p;469 000 Euros
43m2;3p;469 000 Euros
35m2;2p;469 580 Euros
38m2;2p;470 000 Euros
38m2;2p;470 000 Euros
39m2;2p;470 000 Euros
51m2;2p;470 000 Euros
44m2;2p;471 000 Euros
42m2;2p;472 000 Euros
47m2;2p;475 000 Euros
46m2;2p;475 000 Euros
39m2;2p;488 000 Euros
44m2;2p;489 000 Euros
55m2;3p;490 000 Euros
45m2;2p;490 000 Euros
32m2;2p;490 000 Euros
41m2;2p;490 000 Euros
41m2;2p;493 000 Euros
43m2;2p;494 000 Euros
52m2;2p;494 730 Euros
44m2;2p;495 000 Euros
60m2;3p;495 000 Euros
62m2;3p;495 000 Euros
33m2;1p;495 000 Euros
30m2;2p;498 000 Euros
57m2;3p;498 000 Euros
38m2;2p;498 200 Euros
56m2;3p;499 000 Euros
52m2;2p;499 000 Euros
51m2;2p;499 000 Euros
50m2;2p;499 000 Euros
40m2;2p;500 000 Euros
55m2;3p;500 000 Euros
51m2;3p;500 000 Euros
40m2;2p;500 000 Euros
45m2;4p;500 000 Euros
42m2;2p;500 000 Euros
48m2;3p;500 000 Euros
67m2;3p;505 000 Euros
50m2;3p;505 000 Euros
33m2;1p;505 000 Euros
48m2;3p;507 000 Euros
48m2;2p;508 000 Euros
52m2;2p;509 000 Euros
52m2;2p;510 000 Euros
44m2;2p;510 000 Euros
46m2;2p;510 000 Euros
38m2;2p;510 000 Euros
32m2;2p;515 000 Euros
42m2;2p;515 000 Euros
32m2;2p;515 000 Euros
32m2;2p;515 000 Euros
48m2;2p;515 000 Euros
32m2;2p;515 000 Euros
42m2;2p;515 000 Euros
32m2;2p;515 000 Euros
52m2;3p;515 000 Euros
26m2;2p;518 000 Euros
46m2;2p;518 000 Euros
38m2;2p;518 700 Euros
49m2;2p;519 000 Euros
36m2;1p;519 000 Euros
48m2;2p;520 000 Euros
43m2;2p;520 000 Euros
69m2;3p;520 000 Euros
57m2;2p;520 000 Euros
45m2;2p;520 000 Euros
55m2;3p;525 000 Euros
41m2;2p;525 000 Euros
52m2;2p;525 000 Euros
54m2;3p;525 000 Euros
61m2;3p;525 000 Euros
52m2;2p;525 000 Euros
48m2;3p;525 000 Euros
50m2;3p;528 000 Euros
79m2;4p;529 000 Euros
52m2;2p;530 000 Euros
41m2;1p;530 000 Euros
46m2;3p;534 000 Euros
25m2;1p;535 000 Euros
70m2;3p;535 000 Euros
61m2;3p;535 000 Euros
51m2;2p;535 000 Euros
40m2;2p;535 000 Euros
50m2;2p;535 000 Euros
36m2;2p;535 000 Euros
50m2;3p;535 000 Euros
54m2;2p;535 600 Euros
55m2;2p;536 000 Euros
62m2;3p;539 000 Euros
51m2;3p;539 000 Euros
45m2;2p;540 000 Euros
69m2;4p;540 000 Euros
48m2;3p;540 000 Euros
51m2;3p;540 000 Euros
57m2;3p;540 000 Euros
57m2;3p;540 000 Euros
39m2;2p;540 000 Euros
63m2;3p;540 000 Euros
40m2;2p;540 700 Euros
50m2;3p;540 750 Euros
62m2;3p;543 400 Euros
50m2;3p;545 000 Euros
74m2;3p;545 000 Euros
63m2;3p;545 000 Euros
63m2;3p;546 000 Euros
34m2;2p;546 000 Euros
56m2;3p;546 500 Euros
56m2;2p;548 000 Euros
67m2;2p;548 000 Euros
47m2;2p;549 000 Euros
49m2;2p;550 000 Euros
48m2;2p;550 000 Euros
46m2;2p;550 000 Euros
53m2;2p;550 000 Euros
33m2;2p;550 000 Euros
36m2;2p;550 000 Euros
46m2;2p;550 000 Euros
33m2;2p;550 000 Euros
47m2;3p;550 000 Euros
47m2;3p;550 000 Euros
49m2;2p;550 000 Euros
56m2;3p;550 000 Euros
44m2;2p;550 000 Euros
60m2;3p;550 000 Euros
50m2;3p;550 000 Euros
63m2;3p;552 000 Euros
44m2;2p;555 000 Euros
63m2;3p;555 000 Euros
47m2;2p;555 000 Euros
62m2;3p;556 000 Euros
47m2;2p;558 900 Euros
41m2;2p;559 000 Euros
64m2;3p;560 000 Euros
52m2;3p;560 000 Euros
30m2;1p;560 000 Euros
55m2;3p;560 000 Euros
67m2;3p;560 000 Euros
34m2;1p;560 000 Euros
75m2;4p;560 000 Euros
87m2;4p;560 000 Euros
42m2;2p;561 600 Euros
42m2;2p;561 600 Euros
66m2;3p;562 000 Euros
51m2;2p;562 000 Euros
48m2;2p;563 500 Euros
40m2;2p;565 000 Euros
46m2;3p;565 000 Euros
47m2;2p;565 000 Euros
58m2;3p;566 800 Euros
36m2;2p;567 000 Euros
47m2;2p;565 000 Euros
58m2;3p;566 800 Euros
36m2;2p;567 000 Euros
75m2;3p;567 000 Euros
42m2;2p;567 000 Euros
56m2;3p;569 000 Euros
47m2;3p;570 000 Euros
85m2;3p;570 000 Euros
34m2;2p;570 000 Euros
46m2;2p;570 000 Euros
45m2;2p;572 000 Euros
52m2;2p;574 000 Euros
70m2;4p;575 000 Euros
54m2;3p;575 000 Euros
41m2;3p;575 000 Euros
63m2;3p;575 000 Euros
51m2;3p;575 000 Euros
55m2;3p;575 000 Euros
50m2;2p;575 000 Euros
39m2;2p;575 000 Euros
45m2;3p;577 500 Euros
64m2;3p;579 000 Euros
52m2;2p;579 000 Euros
66m2;3p;579 000 Euros
52m2;2p;579 000 Euros
52m2;3p;580 000 Euros
57m2;2p;580 000 Euros
80m2;4p;580 000 Euros
53m2;2p;580 000 Euros
60m2;2p;580 000 Euros
60m2;3p;580 000 Euros
55m2;3p;580 000 Euros
44m2;3p;580 000 Euros
58m2;3p;582 000 Euros
51m2;3p;583 000 Euros
65m2;3p;584 000 Euros
62m2;3p;585 000 Euros
51m2;3p;585 000 Euros
50m2;3p;585 000 Euros
30m2;2p;585 000 Euros
78m2;3p;585 000 Euros
50m2;2p;588 000 Euros
57m2;3p;589 000 Euros
77m2;3p;589 000 Euros
62m2;3p;589 000 Euros
59m2;3p;590 000 Euros
50m2;3p;590 000 Euros
32m2;2p;590 000 Euros
50m2;3p;590 000 Euros
33m2;2p;590 000 Euros
46m2;3p;590 000 Euros
48m2;2p;595 000 Euros
53m2;2p;595 000 Euros
56m2;2p;595 000 Euros
76m2;3p;595 000 Euros
49m2;2p;595 000 Euros
39m2;2p;595 000 Euros
56m2;2p;595 000 Euros
54m2;2p;595 000 Euros
47m2;3p;597 000 Euros
39m2;2p;595 000 Euros
54m2;2p;595 000 Euros
47m2;3p;597 000 Euros
52m2;3p;598 000 Euros
69m2;4p;598 000 Euros
40m2;2p;598 000 Euros
67m2;3p;598 000 Euros
67m2;3p;598 500 Euros
67m2;3p;598 500 Euros
67m2;3p;599 000 Euros
68m2;4p;599 000 Euros
55m2;2p;599 000 Euros
60m2;3p;599 000 Euros
55m2;3p;599 000 Euros
49m2;2p;599 500 Euros
46m2;2p;600 000 Euros
45m2;1p;600 000 Euros
62m2;3p;600 000 Euros
55m2;3p;600 000 Euros
62m2;2p;600 000 Euros
55m2;2p;605 000 Euros
57m2;3p;609 000 Euros
64m2;3p;610 000 Euros
53m2;3p;611 900 Euros
62m2;3p;612 500 Euros
62m2;3p;614 000 Euros
44m2;2p;615 000 Euros
59m2;2p;615 000 Euros
69m2;3p;615 000 Euros
42m2;2p;615 000 Euros
56m2;3p;618 000 Euros
55m2;3p;618 000 Euros
59m2;3p;619 000 Euros
49m2;2p;619 000 Euros
42m2;3p;619 500 Euros
56m2;3p;620 000 Euros
62m2;3p;620 000 Euros
46m2;2p;620 000 Euros
53m2;2p;620 000 Euros
78m2;3p;620 000 Euros
52m2;3p;623 000 Euros
54m2;3p;624 000 Euros
53m2;3p;625 000 Euros
83m2;4p;625 000 Euros
53m2;3p;625 000 Euros
50m2;3p;625 000 Euros
72m2;3p;625 000 Euros
77m2;3p;625 000 Euros
51m2;2p;625 000 Euros
53m2;2p;625 000 Euros
47m2;2p;625 000 Euros
72m2;3p;627 000 Euros
67m2;3p;628 000 Euros
56m2;3p;629 000 Euros
50m2;2p;630 000 Euros
52m2;3p;630 000 Euros
66m2;3p;630 000 Euros
61m2;3p;630 000 Euros
51m2;2p;630 000 Euros
45m2;2p;630 000 Euros
36m2;2p;633 000 Euros
56m2;3p;634 000 Euros
57m2;3p;635 000 Euros
61m2;3p;635 000 Euros
53m2;3p;635 000 Euros
50m2;2p;638 000 Euros
54m2;3p;639 000 Euros
46m2;2p;640 000 Euros
68m2;3p;640 000 Euros
62m2;2p;640 000 Euros
55m2;3p;640 000 Euros
48m2;3p;644 000 Euros
100m2;4p;644 000 Euros
69m2;3p;645 000 Euros
68m2;4p;645 000 Euros
59m2;3p;645 000 Euros
53m2;3p;645 000 Euros
57m2;3p;645 000 Euros
43m2;2p;647 000 Euros
83m2;4p;647 000 Euros
59m2;3p;645 000 Euros
43m2;2p;647 000 Euros
83m2;4p;647 000 Euros
63m2;3p;648 000 Euros
66m2;3p;648 000 Euros
50m2;3p;649 000 Euros
64m2;3p;649 000 Euros
64m2;3p;649 500 Euros
70m2;3p;649 990 Euros
51m2;2p;650 000 Euros
59m2;3p;650 000 Euros
67m2;3p;650 000 Euros
57m2;3p;650 000 Euros
64m2;4p;650 000 Euros
48m2;2p;650 000 Euros
51m2;2p;650 000 Euros
77m2;4p;650 000 Euros
67m2;3p;650 000 Euros
62m2;2p;650 000 Euros
63m2;2p;655 000 Euros
63m2;2p;655 000 Euros
69m2;3p;655 000 Euros
70m2;3p;658 000 Euros
60m2;3p;658 350 Euros
68m2;3p;659 000 Euros
94m2;4p;660 000 Euros
60m2;3p;660 000 Euros
64m2;3p;660 000 Euros
45m2;2p;660 000 Euros
55m2;3p;660 450 Euros
71m2;3p;662 000 Euros
36m2;2p;664 000 Euros
56m2;2p;665 000 Euros
53m2;3p;665 000 Euros
62m2;3p;665 000 Euros
62m2;3p;665 000 Euros
46m2;2p;665 500 Euros
84m2;3p;667 800 Euros
61m2;3p;670 000 Euros
63m2;3p;670 000 Euros
55m2;3p;670 000 Euros
73m2;4p;671 000 Euros
52m2;3p;672 000 Euros
59m2;2p;675 000 Euros
66m2;3p;675 000 Euros
61m2;3p;675 000 Euros
80m2;4p;678 000 Euros
65m2;3p;679 000 Euros
76m2;3p;680 000 Euros
49m2;3p;680 000 Euros
61m2;2p;680 000 Euros
58m2;3p;680 000 Euros
46m2;2p;680 000 Euros
71m2;4p;680 000 Euros
87m2;4p;680 000 Euros
79m2;3p;682 500 Euros
68m2;3p;685 000 Euros
67m2;3p;685 000 Euros
67m2;4p;685 000 Euros
66m2;3p;685 000 Euros
57m2;3p;685 000 Euros
66m2;3p;690 000 Euros
85m2;3p;690 000 Euros
31m2;1p;690 000 Euros
65m2;3p;690 000 Euros
31m2;1p;690 000 Euros
63m2;2p;690 000 Euros
44m2;2p;690 000 Euros
64m2;3p;690 000 Euros
48m2;2p;690 000 Euros
63m2;4p;693 500 Euros
58m2;3p;695 000 Euros
62m2;3p;695 000 Euros
57m2;2p;695 000 Euros
70m2;2p;695 000 Euros
40m2;2p;695 000 Euros
57m2;3p;695 000 Euros
59m2;3p;695 000 Euros
76m2;4p;695 000 Euros
36m2;2p;695 000 Euros
55m2;3p;695 000 Euros
60m2;3p;696 000 Euros
49m2;2p;697 000 Euros
84m2;4p;698 000 Euros
57m2;2p;698 000 Euros
42m2;1p;698 000 Euros
68m2;3p;699 000 Euros
65m2;3p;699 000 Euros
60m2;3p;699 000 Euros
57m2;2p;699 000 Euros
65m2;3p;699 000 Euros
49m2;2p;700 000 Euros
75m2;3p;700 000 Euros
60m2;3p;700 000 Euros
47m2;1p;700 000 Euros
90m2;5p;710 000 Euros
66m2;3p;715 000 Euros
71m2;3p;715 000 Euros
70m2;3p;715 000 Euros
68m2;3p;715 000 Euros
80m2;3p;718 000 Euros
69m2;4p;719 000 Euros
53m2;3p;720 000 Euros
67m2;3p;720 000 Euros
66m2;4p;720 000 Euros
57m2;3p;725 000 Euros
87m2;4p;725 000 Euros
70m2;4p;725 000 Euros
55m2;2p;725 000 Euros
60m2;3p;725 000 Euros
72m2;3p;729 000 Euros
62m2;3p;729 000 Euros
59m2;2p;730 000 Euros
89m2;5p;730 000 Euros
57m2;2p;730 000 Euros
75m2;3p;730 000 Euros
61m2;3p;730 000 Euros
73m2;4p;730 000 Euros
62m2;3p;730 000 Euros
60m2;3p;735 000 Euros
61m2;3p;730 000 Euros
62m2;3p;730 000 Euros
84m2;4p;735 000 Euros
60m2;3p;735 000 Euros
52m2;2p;735 000 Euros
60m2;3p;735 000 Euros
47m2;2p;735 000 Euros
68m2;3p;738 000 Euros
118m2;5p;738 400 Euros
70m2;2p;740 000 Euros
67m2;3p;740 000 Euros
66m2;3p;740 000 Euros
67m2;3p;740 000 Euros
71m2;4p;745 000 Euros
52m2;3p;745 000 Euros
67m2;3p;745 000 Euros
58m2;2p;745 000 Euros
53m2;3p;745 000 Euros
58m2;3p;749 000 Euros
76m2;3p;749 000 Euros
42m2;3p;750 000 Euros
61m2;3p;750 000 Euros
65m2;4p;750 000 Euros
62m2;2p;750 000 Euros
70m2;2p;750 000 Euros
82m2;3p;750 000 Euros
83m2;4p;758 000 Euros
70m2;3p;760 000 Euros
54m2;2p;760 000 Euros
64m2;3p;760 000 Euros
69m2;3p;760 000 Euros
58m2;2p;760 000 Euros
55m2;3p;765 000 Euros
69m2;3p;766 000 Euros
61m2;3p;766 000 Euros
68m2;3p;770 000 Euros
57m2;3p;770 000 Euros
95m2;5p;771 000 Euros
75m2;3p;772 000 Euros
56m2;3p;772 500 Euros
83m2;4p;775 000 Euros
72m2;3p;775 000 Euros
93m2;4p;775 000 Euros
66m2;4p;778 000 Euros
125m2;5p;780 000 Euros
60m2;3p;780 000 Euros
65m2;3p;780 000 Euros
75m2;3p;780 000 Euros
94m2;5p;780 000 Euros
71m2;3p;780 000 Euros
59m2;3p;780 000 Euros
63m2;3p;780 000 Euros
74m2;3p;787 000 Euros
96m2;4p;789 000 Euros
60m2;2p;789 000 Euros
90m2;3p;790 000 Euros
68m2;3p;790 400 Euros
61m2;2p;795 000 Euros
62m2;3p;795 000 Euros
66m2;3p;795 000 Euros
61m2;2p;795 000 Euros
66m2;3p;795 000 Euros
62m2;3p;795 000 Euros
72m2;3p;795 000 Euros
62m2;3p;795 000 Euros
45m2;1p;798 000 Euros
86m2;4p;799 000 Euros
72m2;3p;799 000 Euros
39m2;2p;799 000 Euros
80m2;3p;799 500 Euros
89m2;4p;800 000 Euros
75m2;3p;800 000 Euros
79m2;3p;800 000 Euros
60m2;3p;805 000 Euros
65m2;2p;805 000 Euros
86m2;4p;805 000 Euros
68m2;3p;808 500 Euros
85m2;4p;810 000 Euros
75m2;4p;810 000 Euros
74m2;4p;813 000 Euros
53m2;3p;820 000 Euros
115m2;3p;820 000 Euros
85m2;4p;825 000 Euros
55m2;3p;825 000 Euros
73m2;2p;825 000 Euros
91m2;3p;825 000 Euros
70m2;3p;825 000 Euros
81m2;4p;828 000 Euros
66m2;3p;830 000 Euros
65m2;2p;830 000 Euros
112m2;3p;830 000 Euros
97m2;4p;832 000 Euros
80m2;4p;832 000 Euros
71m2;4p;832 000 Euros
55m2;2p;834 000 Euros
70m2;3p;835 000 Euros
78m2;4p;838 000 Euros
47m2;2p;840 000 Euros
65m2;3p;840 000 Euros
68m2;3p;840 000 Euros
47m2;2p;840 000 Euros
65m2;3p;840 000 Euros
78m2;4p;840 000 Euros
68m2;3p;840 000 Euros
74m2;3p;840 000 Euros
50m2;2p;845 000 Euros
92m2;5p;845 000 Euros
68m2;4p;845 000 Euros
65m2;3p;845 000 Euros
67m2;4p;845 000 Euros
99m2;5p;846 000 Euros
76m2;3p;848 000 Euros
126m2;4p;849 000 Euros
67m2;3p;850 000 Euros
89m2;4p;850 000 Euros
88m2;4p;850 000 Euros
58m2;3p;850 000 Euros
63m2;2p;850 000 Euros
73m2;3p;850 000 Euros
95m2;4p;850 000 Euros
50m2;2p;855 000 Euros
60m2;3p;855 000 Euros
73m2;3p;855 000 Euros
68m2;3p;855 000 Euros
83m2;4p;856 000 Euros
78m2;4p;858 500 Euros
85m2;4p;859 000 Euros
92m2;4p;859 000 Euros
88m2;4p;860 000 Euros
88m2;3p;860 000 Euros
64m2;3p;860 000 Euros
59m2;2p;860 000 Euros
70m2;2p;860 000 Euros
77m2;3p;863 000 Euros
70m2;2p;865 000 Euros
60m2;2p;865 000 Euros
73m2;3p;869 000 Euros
65m2;3p;869 000 Euros
96m2;5p;870 000 Euros
100m2;4p;870 000 Euros
100m2;4p;870 000 Euros
91m2;3p;870 000 Euros
65m2;2p;874 000 Euros
63m2;4p;875 000 Euros
88m2;4p;875 000 Euros
107m2;5p;875 000 Euros
91m2;4p;875 000 Euros
70m2;3p;875 000 Euros
65m2;3p;875 000 Euros
80m2;4p;880 000 Euros
72m2;3p;885 000 Euros
80m2;4p;885 000 Euros
67m2;3p;885 000 Euros
92m2;4p;890 000 Euros
70m2;3p;890 000 Euros
92m2;4p;890 000 Euros
90m2;4p;890 000 Euros
80m2;4p;890 000 Euros
73m2;3p;890 000 Euros
87m2;4p;890 000 Euros
74m2;3p;891 000 Euros
83m2;3p;892 000 Euros
85m2;4p;895 000 Euros
70m2;2p;895 000 Euros
53m2;3p;895 000 Euros
67m2;3p;895 000 Euros
72m2;4p;895 000 Euros
91m2;3p;895 000 Euros
88m2;4p;895 000 Euros
65m2;3p;895 000 Euros
86m2;4p;895 000 Euros
76m2;4p;895 000 Euros
76m2;4p;895 000 Euros
60m2;3p;895 000 Euros
73m2;4p;895 000 Euros
74m2;4p;896 875 Euros
90m2;5p;898 000 Euros
88m2;4p;899 000 Euros
91m2;3p;899 000 Euros
86m2;3p;899 000 Euros
72m2;3p;900 000 Euros
90m2;4p;900 000 Euros
72m2;3p;900 000 Euros
72m2;3p;900 000 Euros
84m2;3p;910 000 Euros
82m2;4p;910 000 Euros
82m2;4p;915 000 Euros
90m2;5p;920 000 Euros
45m2;1p;920 000 Euros
74m2;3p;920 000 Euros
86m2;3p;920 000 Euros
86m2;4p;925 000 Euros
71m2;2p;925 000 Euros
89m2;5p;925 000 Euros
81m2;3p;927 000 Euros
81m2;3p;927 000 Euros
71m2;3p;929 000 Euros
95m2;4p;929 000 Euros
54m2;2p;930 000 Euros
86m2;4p;930 000 Euros
86m2;4p;930 000 Euros
129m2;4p;930 000 Euros
95m2;4p;932 400 Euros
112m2;5p;934 500 Euros
86m2;3p;935 000 Euros
69m2;4p;935 000 Euros
71m2;3p;935 000 Euros
90m2;4p;936 000 Euros
85m2;3p;936 000 Euros
80m2;5p;938 000 Euros
60m2;3p;940 000 Euros
71m2;3p;940 000 Euros
48m2;2p;945 000 Euros
107m2;5p;945 000 Euros
57m2;3p;945 000 Euros
113m2;5p;945 000 Euros
54m2;3p;945 000 Euros
62m2;3p;948 000 Euros
87m2;4p;949 000 Euros
68m2;2p;949 000 Euros
72m2;4p;950 000 Euros
94m2;4p;950 000 Euros
71m2;3p;950 000 Euros
140m2;3p;950 000 Euros
75m2;3p;950 000 Euros
78m2;4p;950 000 Euros
75m2;3p;950 000 Euros
80m2;4p;950 000 Euros
99m2;5p;950 000 Euros
57m2;2p;950 000 Euros
92m2;4p;950 000 Euros
88m2;3p;955 000 Euros
84m2;4p;955 000 Euros
91m2;4p;955 000 Euros
78m2;3p;956 800 Euros
76m2;3p;957 000 Euros
111m2;4p;959 500 Euros
97m2;4p;960 000 Euros
60m2;3p;965 000 Euros
105m2;4p;968 000 Euros
82m2;4p;975 000 Euros
90m2;4p;975 000 Euros
106m2;4p;979 000 Euros
139m2;5p;980 000 Euros
88m2;3p;980 000 Euros
88m2;4p;980 000 Euros
77m2;4p;980 000 Euros
88m2;4p;985 000 Euros
96m2;5p;985 000 Euros
91m2;5p;985 000 Euros
90m2;5p;990 000 Euros
101m2;4p;990 000 Euros
38m2;3p;990 000 Euros
53m2;2p;990 000 Euros
63m2;3p;992 000 Euros
80m2;4p;994 000 Euros
80m2;3p;995 000 Euros
84m2;3p;995 000 Euros
92m2;4p;995 000 Euros
67m2;4p;995 000 Euros
80m2;3p;995 000 Euros
84m2;3p;995 000 Euros
90m2;4p;995 000 Euros
80m2;3p;995 000 Euros
90m2;4p;995 000 Euros
80m2;4p;995 000 Euros
77m2;3p;998 000 Euros
80m2;4p;998 000 Euros
68m2;2p;998 000 Euros
80m2;3p;998 000 Euros
74m2;3p;999 000 Euros
75m2;3p;999 000 Euros
73m2;4p;999 000 Euros
102m2;4p;999 000 Euros
77m2;4p;999 000 Euros
78m2;4p;1 009 000 Euros
77m2;3p;1 015 000 Euros
119m2;6p;1 019 000 Euros
73m2;4p;1 020 000 Euros
52m2;2p;1 025 000 Euros
92m2;4p;1 025 000 Euros
82m2;3p;1 026 480 Euros
85m2;4p;1 030 000 Euros
101m2;5p;1 030 000 Euros
112m2;4p;1 030 000 Euros
71m2;3p;1 031 000 Euros
110m2;4p;1 035 000 Euros
99m2;4p;1 035 000 Euros
96m2;3p;1 049 000 Euros
80m2;3p;1 050 000 Euros
78m2;3p;1 050 000 Euros
72m2;4p;1 050 000 Euros
159m2;4p;1 050 000 Euros
92m2;3p;1 050 000 Euros
85m2;4p;1 050 000 Euros
84m2;4p;1 050 000 Euros
87m2;4p;1 050 000 Euros
78m2;4p;1 050 000 Euros
80m2;3p;1 050 000 Euros
79m2;4p;1 060 000 Euros
94m2;4p;1 060 000 Euros
95m2;4p;1 082 000 Euros
75m2;4p;1 090 000 Euros
80m2;3p;1 090 000 Euros
99m2;4p;1 090 000 Euros
86m2;4p;1 092 000 Euros
120m2;4p;1 098 000 Euros
105m2;5p;1 099 000 Euros
129m2;5p;1 100 000 Euros
93m2;4p;1 100 000 Euros
107m2;5p;1 100 000 Euros
100m2;3p;1 102 500 Euros
85m2;4p;1 110 000 Euros
69m2;3p;1 120 000 Euros
93m2;3p;1 130 000 Euros
75m2;4p;1 133 600 Euros
45m2;2p;1 134 000 Euros
96m2;4p;1 135 000 Euros
99m2;4p;1 139 000 Euros
80m2;3p;1 140 000 Euros
80m2;3p;1 140 000 Euros
90m2;4p;1 143 000 Euros
85m2;4p;1 148 000 Euros
86m2;4p;1 148 066 Euros
97m2;4p;1 150 000 Euros
106m2;4p;1 150 000 Euros
88m2;4p;1 150 000 Euros
59m2;3p;1 150 000 Euros
75m2;3p;1 150 000 Euros
102m2;5p;1 152 900 Euros
86m2;4p;1 155 000 Euros
85m2;3p;1 155 000 Euros
87m2;5p;1 155 000 Euros
80m2;2p;1 155 000 Euros
58m2;3p;1 165 000 Euros
120m2;5p;1 165 000 Euros
85m2;3p;1 167 000 Euros
68m2;3p;1 175 000 Euros
82m2;4p;1 175 000 Euros
67m2;2p;1 178 000 Euros
68m2;3p;1 180 000 Euros
68m2;3p;1 180 000 Euros
108m2;5p;1 190 000 Euros
92m2;4p;1 190 000 Euros
105m2;5p;1 195 000 Euros
100m2;4p;1 195 000 Euros
100m2;4p;1 195 000 Euros
93m2;4p;1 198 000 Euros
116m2;5p;1 199 000 Euros
125m2;5p;1 200 000 Euros
148m2;4p;1 200 000 Euros
86m2;3p;1 200 000 Euros
104m2;6p;1 200 000 Euros
90m2;4p;1 200 000 Euros
63m2;3p;1 200 000 Euros
89m2;3p;1 215 000 Euros
92m2;4p;1 215 000 Euros
104m2;4p;1 220 000 Euros
94m2;4p;1 240 000 Euros
113m2;5p;1 240 000 Euros
133m2;5p;1 240 000 Euros
105m2;5p;1 245 000 Euros
89m2;5p;1 245 000 Euros
101m2;5p;1 248 000 Euros
107m2;4p;1 248 000 Euros
105m2;4p;1 250 000 Euros
118m2;5p;1 250 000 Euros
115m2;3p;1 260 000 Euros
93m2;3p;1 260 000 Euros
80m2;3p;1 260 000 Euros
94m2;4p;1 265 000 Euros
108m2;5p;1 269 000 Euros
100m2;3p;1 270 000 Euros
86m2;3p;1 275 000 Euros
93m2;3p;1 285 000 Euros
93m2;3p;1 285 000 Euros
106m2;5p;1 290 000 Euros
88m2;3p;1 290 000 Euros
88m2;3p;1 290 000 Euros
83m2;4p;1 290 000 Euros
88m2;4p;1 295 000 Euros
93m2;3p;1 299 000 Euros
90m2;4p;1 299 000 Euros
91m2;3p;1 300 000 Euros
105m2;6p;1 300 000 Euros
87m2;4p;1 300 000 Euros
102m2;4p;1 300 000 Euros
118m2;6p;1 300 000 Euros
86m2;3p;1 300 000 Euros
123m2;4p;1 315 000 Euros
92m2;4p;1 320 000 Euros
112m2;5p;1 322 000 Euros
126m2;5p;1 325 000 Euros
118m2;5p;1 325 000 Euros
61m2;2p;1 333 000 Euros
73m2;4p;1 335 000 Euros
97m2;4p;1 339 000 Euros
106m2;5p;1 339 000 Euros
105m2;5p;1 340 000 Euros
118m2;5p;1 344 000 Euros
115m2;6p;1 345 000 Euros
83m2;4p;1 350 000 Euros
126m2;5p;1 350 000 Euros
96m2;4p;1 350 000 Euros
110m2;5p;1 350 000 Euros
130m2;5p;1 359 000 Euros
79m2;3p;1 360 000 Euros
118m2;5p;1 365 000 Euros
82m2;3p;1 365 000 Euros
106m2;3p;1 367 600 Euros
93m2;5p;1 370 000 Euros
145m2;5p;1 370 000 Euros
145m2;5p;1 370 000 Euros
153m2;6p;1 385 000 Euros
112m2;4p;1 390 000 Euros
91m2;3p;1 390 000 Euros
138m2;3p;1 390 000 Euros
110m2;5p;1 390 000 Euros
110m2;5p;1 390 500 Euros
108m2;4p;1 395 000 Euros
133m2;6p;1 395 000 Euros
108m2;4p;1 395 000 Euros
112m2;4p;1 395 000 Euros
92m2;4p;1 395 000 Euros
121m2;6p;1 395 000 Euros
136m2;5p;1 405 000 Euros
66m2;2p;1 415 000 Euros
128m2;5p;1 420 000 Euros
102m2;5p;1 425 000 Euros
130m2;5p;1 435 000 Euros
134m2;4p;1 440 000 Euros
98m2;4p;1 445 000 Euros
117m2;5p;1 450 000 Euros
104m2;4p;1 450 000 Euros
86m2;4p;1 454 600 Euros
86m2;4p;1 455 000 Euros
61m2;3p;1 460 000 Euros
105m2;4p;1 475 000 Euros
118m2;4p;1 475 000 Euros
115m2;5p;1 475 000 Euros
118m2;4p;1 475 000 Euros
124m2;4p;1 480 000 Euros
156m2;5p;1 490 000 Euros
105m2;4p;1 490 000 Euros
108m2;5p;1 490 000 Euros
154m2;5p;1 490 000 Euros
116m2;5p;1 490 000 Euros
114m2;5p;1 495 000 Euros
127m2;6p;1 495 000 Euros
95m2;3p;1 495 000 Euros
125m2;5p;1 495 000 Euros
122m2;7p;1 498 000 Euros
101m2;5p;1 510 000 Euros
103m2;4p;1 545 000 Euros
103m2;4p;1 545 000 Euros
118m2;5p;1 550 000 Euros
124m2;6p;1 550 000 Euros
108m2;4p;1 550 000 Euros
92m2;4p;1 550 000 Euros
124m2;6p;1 550 000 Euros
116m2;5p;1 550 000 Euros
115m2;4p;1 550 000 Euros
118m2;5p;1 550 000 Euros
126m2;4p;1 560 000 Euros
90m2;4p;1 560 000 Euros
93m2;4p;1 560 000 Euros
176m2;6p;1 570 000 Euros
106m2;3p;1 570 000 Euros
142m2;6p;1 575 000 Euros
73m2;3p;1 580 000 Euros
154m2;5p;1 590 000 Euros
138m2;5p;1 596 000 Euros
141m2;5p;1 600 000 Euros
140m2;5p;1 610 000 Euros
132m2;5p;1 620 000 Euros
103m2;5p;1 625 000 Euros
101m2;5p;1 630 000 Euros
165m2;5p;1 640 000 Euros
86m2;4p;1 648 000 Euros
130m2;5p;1 670 000 Euros
167m2;6p;1 680 000 Euros
140m2;6p;1 680 000 Euros
124m2;5p;1 690 000 Euros
141m2;5p;1 692 000 Euros
132m2;5p;1 694 500 Euros
139m2;5p;1 700 000 Euros
110m2;5p;1 700 000 Euros
104m2;4p;1 700 000 Euros
106m2;5p;1 700 000 Euros
143m2;3p;1 716 000 Euros
112m2;5p;1 720 000 Euros
138m2;5p;1 730 000 Euros
137m2;6p;1 745 000 Euros
76m2;3p;1 750 000 Euros
93m2;4p;1 780 000 Euros
171m2;5p;1 790 000 Euros
172m2;5p;1 795 000 Euros
141m2;6p;1 800 000 Euros
133m2;5p;1 800 000 Euros
130m2;5p;1 820 000 Euros
130m2;5p;1 820 000 Euros
101m2;4p;1 830 000 Euros
108m2;4p;1 850 000 Euros
93m2;4p;1 860 000 Euros
145m2;6p;1 865 000 Euros
140m2;4p;1 880 000 Euros
113m2;4p;1 890 000 Euros
142m2;5p;1 895 000 Euros
124m2;5p;1 900 000 Euros
138m2;4p;1 920 000 Euros
135m2;6p;1 930 000 Euros
120m2;5p;1 945 000 Euros
130m2;5p;1 950 000 Euros
126m2;4p;1 950 000 Euros
145m2;6p;1 950 000 Euros
119m2;5p;1 950 000 Euros
172m2;6p;1 970 000 Euros
255m2;6p;1 990 000 Euros
188m2;7p;1 990 000 Euros
140m2;5p;1 990 000 Euros
188m2;7p;1 990 000 Euros
134m2;5p;1 995 000 Euros
126m2;5p;1 995 000 Euros
170m2;6p;1 995 000 Euros
179m2;7p;2 050 000 Euros
150m2;6p;2 059 000 Euros
182m2;6p;2 065 000 Euros
121m2;3p;2 100 000 Euros
159m2;5p;2 100 000 Euros
189m2;7p;2 109 000 Euros
144m2;5p;2 150 000 Euros
106m2;5p;2 150 000 Euros
81m2;3p;2 200 000 Euros
140m2;6p;2 200 000 Euros
106m2;3p;2 200 000 Euros
178m2;7p;2 235 000 Euros
157m2;6p;2 250 000 Euros
180m2;5p;2 250 000 Euros
140m2;6p;2 250 000 Euros
140m2;5p;2 280 000 Euros
174m2;6p;2 290 000 Euros
213m2;6p;2 290 000 Euros
123m2;5p;2 300 000 Euros
136m2;4p;2 300 000 Euros
213m2;6p;2 310 000 Euros
170m2;8p;2 350 000 Euros
172m2;8p;2 350 000 Euros
157m2;5p;2 350 000 Euros
134m2;4p;2 365 000 Euros
117m2;3p;2 366 000 Euros
132m2;4p;2 400 000 Euros
116m2;5p;2 450 000 Euros
163m2;6p;2 450 000 Euros
145m2;6p;2 450 000 Euros
170m2;5p;2 485 000 Euros
182m2;6p;2 499 000 Euros
170m2;5p;2 499 000 Euros
74m2;2p;2 500 000 Euros
156m2;5p;2 500 000 Euros
133m2;4p;2 500 000 Euros
125m2;5p;2 500 000 Euros
169m2;5p;2 500 000 Euros
264m2;7p;2 500 000 Euros
169m2;5p;2 540 000 Euros
203m2;8p;2 550 000 Euros
242m2;7p;2 550 000 Euros
162m2;6p;2 550 000 Euros
124m2;4p;2 580 000 Euros
202m2;5p;2 590 000 Euros
192m2;7p;2 595 000 Euros
175m2;6p;2 600 000 Euros
67m2;2p;2 625 000 Euros
158m2;6p;2 630 000 Euros
225m2;5p;2 650 000 Euros
146m2;5p;2 650 000 Euros
148m2;4p;2 665 000 Euros
164m2;7p;2 680 000 Euros
181m2;8p;2 691 000 Euros
158m2;3p;2 700 000 Euros
198m2;5p;2 700 000 Euros
146m2;6p;2 730 000 Euros
146m2;5p;2 730 000 Euros
180m2;8p;2 742 750 Euros
227m2;7p;2 750 000 Euros
138m2;5p;2 790 000 Euros
167m2;5p;2 800 000 Euros
175m2;6p;2 885 000 Euros
230m2;6p;2 900 000 Euros
281m2;8p;2 950 000 Euros
182m2;6p;2 950 000 Euros
148m2;5p;2 950 000 Euros
217m2;5p;2 990 000 Euros
167m2;6p;3 050 000 Euros
152m2;4p;3 150 000 Euros
179m2;7p;3 150 000 Euros
161m2;5p;3 210 000 Euros
161m2;4p;3 220 000 Euros
223m2;7p;3 296 000 Euros
203m2;7p;3 300 000 Euros
166m2;6p;3 320 000 Euros
135m2;4p;3 340 000 Euros
132m2;4p;3 400 000 Euros
219m2;7p;3 450 000 Euros
190m2;5p;3 500 000 Euros
190m2;7p;3 536 000 Euros
271m2;6p;3 600 000 Euros
264m2;7p;3 600 000 Euros
247m2;6p;3 700 000 Euros
277m2;8p;3 700 000 Euros
265m2;8p;3 740 000 Euros
136m2;4p;3 750 000 Euros
220m2;6p;3 900 000 Euros
200m2;6p;3 950 000 Euros
205m2;8p;3 980 000 Euros
219m2;7p;3 980 000 Euros
243m2;6p;4 000 000 Euros
196m2;6p;4 120 000 Euros
150m2;4p;4 200 000 Euros
256m2;8p;4 480 000 Euros
250m2;5p;4 500 000 Euros
250m2;5p;4 500 000 Euros
217m2;5p;4 500 000 Euros
259m2;8p;4 630 000 Euros
200m2;7p;4 670 000 Euros
259m2;8p;4 705 000 Euros
235m2;6p;4 950 000 Euros
3311m2;0p;4 950 000 Euros
253m2;5p;4 950 000 Euros
310m2;8p;4 950 000 Euros
286m2;6p;4 955 000 Euros
286m2;7p;4 955 000 Euros
343m2;8p;5 000 000 Euros
200m2;5p;5 700 000 Euros
233m2;6p;5 750 000 Euros
430m2;8p;6 500 000 Euros
370m2;7p;7 350 000 Euros
317m2;8p;7 650 000 Euros
4161m2;1p;9 375 000 Euros
416m2;9p;9 400 000 Euros
417m2;6p;9 900 000 Euros
10501m2;5p;19 900 000 Euros
6m2;1p;69 950 Euros
6m2;1p;73 700 Euros
9m2;1p;93 500 Euros
11m2;1p;115 000 Euros
11m2;1p;120 000 Euros
12m2;1p;124 600 Euros
13m2;1p;129 000 Euros
12m2;1p;129 000 Euros
9m2;1p;129 000 Euros
12m2;1p;139 000 Euros
11m2;1p;140 000 Euros
10m2;1p;142 000 Euros
12m2;1p;145 000 Euros
13m2;1p;151 500 Euros
17m2;1p;152 000 Euros
12m2;1p;159 500 Euros
16m2;1p;159 998 Euros
18m2;1p;160 000 Euros
15m2;1p;160 000 Euros
13m2;1p;165 000 Euros
16m2;1p;167 000 Euros
18m2;1p;170 000 Euros
18m2;1p;170 500 Euros
16m2;1p;175 000 Euros
17m2;1p;181 000 Euros
15m2;1p;185 000 Euros
21m2;1p;190 000 Euros
22m2;1p;195 000 Euros
19m2;2p;196 000 Euros
40m2;3p;198 000 Euros
21m2;1p;199 000 Euros
19m2;1p;199 280 Euros
14m2;1p;199 500 Euros
16m2;1p;200 450 Euros
17m2;1p;200 640 Euros
20m2;1p;209 000 Euros
21m2;1p;210 000 Euros
22m2;1p;222 500 Euros
22m2;1p;225 000 Euros
27m2;2p;229 000 Euros
19m2;2p;230 000 Euros
23m2;2p;233 795 Euros
14m2;1p;235 000 Euros
13m2;1p;235 000 Euros
20m2;1p;239 000 Euros
33m2;2p;239 900 Euros
21m2;1p;240 000 Euros
25m2;1p;244 000 Euros
29m2;2p;245 000 Euros
24m2;1p;245 000 Euros
20m2;1p;245 000 Euros
22m2;1p;249 600 Euros
27m2;1p;255 000 Euros
24m2;1p;257 000 Euros
20m2;1p;258 000 Euros
27m2;1p;259 000 Euros
23m2;1p;264 500 Euros
27m2;1p;265 000 Euros
33m2;1p;269 900 Euros
24m2;1p;274 000 Euros
28m2;2p;279 000 Euros
55m2;4p;280 000 Euros
21m2;2p;280 000 Euros
23m2;1p;280 000 Euros
26m2;2p;285 000 Euros
20m2;1p;285 000 Euros
23m2;1p;285 000 Euros
39m2;2p;285 000 Euros
27m2;2p;288 900 Euros
30m2;1p;290 000 Euros
27m2;1p;291 500 Euros
29m2;2p;294 000 Euros
30m2;1p;295 000 Euros
27m2;1p;295 000 Euros
18m2;1p;296 000 Euros
23m2;2p;297 825 Euros
27m2;1p;298 000 Euros
34m2;1p;299 000 Euros
27m2;1p;299 000 Euros
30m2;1p;299 500 Euros
20m2;1p;305 000 Euros
27m2;1p;307 400 Euros
30m2;2p;310 000 Euros
32m2;1p;310 000 Euros
30m2;2p;310 000 Euros
27m2;2p;311 000 Euros
28m2;2p;312 000 Euros
31m2;1p;315 000 Euros
31m2;1p;316 000 Euros
36m2;2p;321 000 Euros
32m2;2p;324 000 Euros
35m2;2p;325 000 Euros
27m2;2p;325 000 Euros
35m2;2p;326 000 Euros
30m2;2p;328 000 Euros
27m2;2p;329 000 Euros
28m2;1p;330 000 Euros
29m2;1p;330 000 Euros
33m2;2p;330 000 Euros
35m2;2p;330 000 Euros
40m2;2p;330 000 Euros
26m2;1p;335 000 Euros
31m2;2p;335 000 Euros
27m2;2p;340 000 Euros
37m2;2p;340 000 Euros
30m2;2p;340 000 Euros
25m2;1p;341 000 Euros
34m2;1p;342 000 Euros
34m2;2p;347 500 Euros
35m2;2p;349 000 Euros
28m2;2p;349 000 Euros
30m2;2p;350 000 Euros
33m2;2p;350 000 Euros
21m2;1p;350 000 Euros
34m2;2p;354 000 Euros
37m2;2p;358 000 Euros
48m2;2p;360 000 Euros
32m2;1p;365 000 Euros
33m2;2p;365 000 Euros
34m2;2p;366 300 Euros
39m2;2p;370 000 Euros
42m2;3p;375 000 Euros
30m2;2p;375 000 Euros
35m2;1p;375 000 Euros
34m2;1p;377 000 Euros
38m2;2p;379 000 Euros
24m2;1p;380 000 Euros
41m2;2p;394 000 Euros
42m2;3p;394 500 Euros
28m2;2p;395 000 Euros
30m2;2p;395 000 Euros
40m2;2p;398 000 Euros
37m2;2p;398 000 Euros
42m2;2p;399 000 Euros
32m2;1p;399 000 Euros
38m2;2p;399 000 Euros
33m2;1p;399 000 Euros
41m2;2p;399 000 Euros
32m2;2p;399 000 Euros
39m2;2p;399 000 Euros
25m2;1p;400 000 Euros
28m2;1p;405 000 Euros
50m2;2p;405 000 Euros
35m2;2p;409 000 Euros
38m2;2p;409 500 Euros
70m2;3p;410 000 Euros
35m2;1p;410 000 Euros
40m2;2p;410 000 Euros
33m2;2p;411 450 Euros
42m2;3p;412 000 Euros
30m2;2p;414 000 Euros
42m2;2p;414 750 Euros
45m2;2p;415 000 Euros
47m2;2p;415 000 Euros
42m2;2p;419 000 Euros
41m2;2p;420 000 Euros
39m2;2p;420 000 Euros
49m2;2p;420 000 Euros
49m2;2p;427 000 Euros
35m2;2p;430 000 Euros
48m2;2p;430 000 Euros
42m2;2p;430 000 Euros
45m2;2p;430 000 Euros
52m2;2p;430 000 Euros
40m2;2p;435 000 Euros
50m2;2p;438 000 Euros
67m2;3p;439 000 Euros
41m2;2p;439 000 Euros
54m2;3p;440 000 Euros
44m2;2p;442 000 Euros
43m2;3p;445 000 Euros
34m2;2p;449 000 Euros
45m2;2p;449 000 Euros
46m2;2p;450 000 Euros
48m2;2p;450 000 Euros
31m2;2p;451 500 Euros
28m2;2p;454 000 Euros
38m2;2p;455 000 Euros
47m2;2p;455 000 Euros
33m2;2p;455 000 Euros
46m2;3p;459 000 Euros
70m2;3p;460 000 Euros
50m2;2p;460 000 Euros
53m2;2p;460 000 Euros
35m2;2p;462 000 Euros
33m2;1p;462 000 Euros
35m2;1p;462 000 Euros
50m2;2p;465 000 Euros
54m2;3p;469 900 Euros
51m2;2p;470 000 Euros
42m2;2p;472 500 Euros
48m2;2p;474 000 Euros
54m2;3p;475 000 Euros
43m2;2p;475 000 Euros
46m2;2p;475 000 Euros
50m2;2p;475 000 Euros
57m2;2p;479 000 Euros
46m2;3p;480 000 Euros
49m2;3p;480 000 Euros
45m2;2p;480 000 Euros
56m2;3p;483 000 Euros
46m2;2p;485 000 Euros
44m2;2p;487 000 Euros
51m2;3p;489 000 Euros
57m2;4p;489 000 Euros
31m2;1p;490 000 Euros
39m2;2p;493 500 Euros
40m2;2p;495 000 Euros
49m2;3p;495 000 Euros
44m2;2p;495 000 Euros
44m2;1p;495 000 Euros
42m2;3p;495 000 Euros
45m2;2p;495 000 Euros
41m2;2p;496 000 Euros
46m2;3p;499 000 Euros
56m2;3p;499 000 Euros
47m2;3p;499 000 Euros
44m2;3p;499 900 Euros
52m2;3p;499 900 Euros
43m2;2p;500 000 Euros
53m2;3p;500 000 Euros
51m2;3p;500 000 Euros
49m2;2p;503 000 Euros
49m2;2p;504 400 Euros
35m2;2p;505 000 Euros
47m2;2p;508 000 Euros
40m2;2p;510 000 Euros
21m2;1p;512 000 Euros
51m2;2p;515 000 Euros
73m2;2p;520 000 Euros
46m2;3p;522 000 Euros
58m2;2p;522 500 Euros
51m2;2p;525 000 Euros
50m2;3p;527 500 Euros
72m2;3p;529 000 Euros
57m2;3p;530 000 Euros
56m2;2p;535 000 Euros
45m2;3p;535 500 Euros
44m2;3p;540 000 Euros
59m2;2p;540 000 Euros
44m2;3p;540 000 Euros
51m2;3p;540 000 Euros
64m2;3p;545 000 Euros
54m2;3p;545 000 Euros
67m2;3p;545 000 Euros
49m2;2p;546 000 Euros
51m2;3p;549 000 Euros
53m2;2p;549 000 Euros
58m2;3p;549 000 Euros
50m2;2p;549 500 Euros
46m2;3p;550 000 Euros
58m2;2p;550 000 Euros
60m2;3p;550 000 Euros
49m2;3p;556 500 Euros
39m2;2p;558 600 Euros
74m2;3p;559 000 Euros
60m2;3p;559 000 Euros
62m2;3p;570 000 Euros
46m2;2p;571 650 Euros
56m2;2p;575 000 Euros
66m2;5p;579 000 Euros
41m2;2p;580 000 Euros
44m2;2p;580 000 Euros
58m2;3p;580 000 Euros
58m2;3p;583 000 Euros
50m2;3p;585 000 Euros
66m2;3p;595 000 Euros
61m2;3p;595 000 Euros
67m2;3p;598 000 Euros
56m2;2p;598 000 Euros
56m2;3p;598 000 Euros
40m2;2p;599 000 Euros
42m2;2p;599 000 Euros
70m2;3p;599 500 Euros
51m2;3p;610 000 Euros
56m2;3p;610 000 Euros
120m2;4p;610 000 Euros
35m2;2p;615 000 Euros
63m2;4p;615 000 Euros
55m2;2p;615 500 Euros
48m2;2p;617 000 Euros
46m2;2p;618 000 Euros
78m2;4p;619 000 Euros
62m2;3p;620 000 Euros
59m2;3p;620 500 Euros
45m2;2p;621 000 Euros
50m2;2p;622 000 Euros
51m2;2p;624 000 Euros
50m2;2p;624 000 Euros
47m2;2p;625 000 Euros
56m2;2p;625 000 Euros
71m2;3p;629 000 Euros
67m2;3p;629 000 Euros
61m2;3p;630 000 Euros
73m2;3p;630 000 Euros
61m2;3p;630 000 Euros
50m2;3p;630 000 Euros
74m2;4p;631 000 Euros
75m2;3p;639 000 Euros
61m2;3p;640 000 Euros
55m2;2p;640 500 Euros
48m2;2p;645 000 Euros
58m2;3p;647 900 Euros
73m2;3p;648 000 Euros
65m2;3p;649 000 Euros
90m2;5p;650 000 Euros
61m2;3p;650 000 Euros
72m2;3p;650 000 Euros
78m2;4p;654 000 Euros
70m2;3p;655 000 Euros
71m2;3p;670 000 Euros
65m2;3p;674 000 Euros
46m2;3p;675 000 Euros
99m2;5p;675 000 Euros
49m2;3p;675 000 Euros
46m2;2p;675 000 Euros
69m2;3p;678 000 Euros
47m2;3p;680 000 Euros
66m2;3p;680 000 Euros
54m2;2p;680 000 Euros
61m2;3p;680 000 Euros
71m2;3p;685 000 Euros
62m2;4p;685 000 Euros
72m2;3p;690 000 Euros
72m2;3p;690 000 Euros
60m2;3p;690 000 Euros
42m2;2p;690 000 Euros
66m2;2p;690 000 Euros
62m2;3p;690 000 Euros
63m2;3p;693 000 Euros
63m2;3p;693 000 Euros
49m2;2p;695 000 Euros
77m2;3p;695 000 Euros
66m2;3p;695 000 Euros
64m2;3p;698 000 Euros
45m2;2p;699 000 Euros
88m2;3p;699 000 Euros
73m2;3p;699 000 Euros
50m2;3p;699 500 Euros
50m2;3p;699 500 Euros
88m2;4p;699 900 Euros
54m2;2p;700 000 Euros
64m2;4p;713 500 Euros
75m2;3p;715 000 Euros
71m2;2p;715 000 Euros
60m2;3p;720 000 Euros
62m2;3p;720 000 Euros
72m2;3p;730 000 Euros
62m2;3p;730 000 Euros
64m2;3p;730 000 Euros
55m2;3p;735 000 Euros
53m2;2p;740 000 Euros
57m2;3p;745 000 Euros
90m2;5p;749 000 Euros
99m2;4p;749 900 Euros
59m2;3p;750 000 Euros
89m2;4p;755 000 Euros
66m2;3p;760 000 Euros
104m2;5p;762 000 Euros
60m2;3p;768 000 Euros
56m2;2p;770 000 Euros
81m2;4p;770 000 Euros
70m2;3p;780 000 Euros
91m2;4p;780 000 Euros
81m2;4p;785 000 Euros
59m2;3p;790 000 Euros
73m2;3p;790 000 Euros
62m2;3p;790 000 Euros
68m2;2p;790 000 Euros
82m2;4p;792 750 Euros
54m2;2p;793 000 Euros
62m2;3p;795 000 Euros
87m2;2p;795 000 Euros
86m2;4p;800 000 Euros
78m2;4p;800 000 Euros
52m2;2p;800 000 Euros
64m2;3p;800 000 Euros
70m2;3p;800 000 Euros
75m2;3p;815 000 Euros
75m2;4p;820 000 Euros
52m2;3p;828 000 Euros
96m2;4p;828 500 Euros
61m2;3p;830 000 Euros
68m2;3p;830 000 Euros
89m2;4p;834 000 Euros
63m2;3p;835 000 Euros
74m2;3p;839 000 Euros
84m2;4p;840 000 Euros
92m2;4p;840 000 Euros
90m2;3p;849 000 Euros
76m2;4p;849 000 Euros
78m2;4p;850 000 Euros
86m2;3p;852 800 Euros
85m2;4p;854 700 Euros
85m2;3p;854 700 Euros
71m2;3p;871 500 Euros
68m2;3p;875 000 Euros
83m2;4p;880 000 Euros
74m2;3p;880 000 Euros
76m2;3p;898 000 Euros
91m2;5p;898 000 Euros
96m2;4p;899 900 Euros
89m2;5p;903 000 Euros
82m2;4p;903 000 Euros
89m2;5p;905 000 Euros
69m2;4p;905 000 Euros
104m2;5p;910 000 Euros
73m2;3p;915 000 Euros
73m2;3p;915 000 Euros
80m2;4p;935 000 Euros
88m2;3p;937 300 Euros
83m2;3p;939 000 Euros
74m2;3p;940 000 Euros
93m2;4p;940 000 Euros
93m2;4p;945 000 Euros
95m2;4p;945 000 Euros
82m2;4p;950 000 Euros
99m2;5p;950 000 Euros
68m2;4p;950 000 Euros
91m2;5p;950 000 Euros
70m2;3p;955 000 Euros
95m2;5p;970 000 Euros
82m2;4p;975 000 Euros
63m2;2p;995 000 Euros
95m2;5p;995 000 Euros
90m2;4p;998 000 Euros
75m2;4p;1 050 000 Euros
92m2;4p;1 085 000 Euros
65m2;3p;1 090 000 Euros
102m2;4p;1 090 000 Euros
73m2;3p;1 090 000 Euros
94m2;4p;1 095 000 Euros
97m2;4p;1 097 250 Euros
80m2;4p;1 098 000 Euros
72m2;3p;1 099 000 Euros
85m2;3p;1 100 000 Euros
93m2;4p;1 100 000 Euros
96m2;5p;1 140 000 Euros
61m2;3p;1 144 000 Euros
109m2;3p;1 149 000 Euros
110m2;5p;1 150 000 Euros
91m2;4p;1 150 000 Euros
97m2;4p;1 150 000 Euros
88m2;4p;1 155 000 Euros
84m2;4p;1 170 000 Euros
87m2;3p;1 184 400 Euros
114m2;4p;1 189 000 Euros
90m2;4p;1 190 000 Euros
74m2;3p;1 195 000 Euros
98m2;5p;1 199 000 Euros
123m2;5p;1 200 000 Euros
110m2;5p;1 225 000 Euros
82m2;3p;1 230 000 Euros
93m2;4p;1 248 000 Euros
100m2;5p;1 250 000 Euros
90m2;3p;1 257 000 Euros
100m2;5p;1 278 200 Euros
91m2;3p;1 280 000 Euros
82m2;4p;1 290 000 Euros
79m2;4p;1 297 500 Euros
130m2;5p;1 300 000 Euros
105m2;3p;1 331 200 Euros
100m2;4p;1 350 000 Euros
86m2;6p;1 350 000 Euros
84m2;5p;1 386 000 Euros
121m2;5p;1 395 000 Euros
141m2;5p;1 395 000 Euros
100m2;5p;1 400 000 Euros
174m2;5p;1 485 000 Euros
114m2;4p;1 495 000 Euros
129m2;5p;1 512 000 Euros
127m2;6p;1 525 000 Euros
151m2;5p;1 550 000 Euros
118m2;5p;1 550 000 Euros
94m2;3p;1 575 000 Euros
138m2;5p;1 596 000 Euros
129m2;4p;1 600 000 Euros
106m2;4p;1 650 000 Euros
90m2;5p;1 650 000 Euros
177m2;6p;1 660 000 Euros
117m2;4p;1 670 000 Euros
102m2;5p;1 680 000 Euros
122m2;4p;1 690 000 Euros
127m2;4p;1 690 000 Euros
132m2;5p;1 695 000 Euros
168m2;6p;1 700 000 Euros
103m2;5p;1 711 270 Euros
140m2;6p;1 750 000 Euros
150m2;4p;1 790 000 Euros
160m2;8p;1 795 000 Euros
137m2;6p;1 800 000 Euros
189m2;7p;1 800 000 Euros
139m2;5p;1 890 000 Euros
1561m2;0p;1 980 000 Euros
103m2;5p;1 998 000 Euros
123m2;5p;2 050 000 Euros
123m2;4p;2 050 000 Euros
101m2;3p;2 090 000 Euros
157m2;5p;2 095 000 Euros
97m2;3p;2 350 000 Euros
140m2;5p;2 480 000 Euros
160m2;6p;2 500 000 Euros
173m2;6p;2 597 000 Euros
211m2;4p;2 750 000 Euros
187m2;3p;6 600 000 Euros
317m2;6p;7 650 000 Euros
7m2;1p;30 000 Euros
5m2;1p;40 000 Euros
m2;1p;40 000 Euros
5m2;1p;42 000 Euros
m2;1p;45 000 Euros
6m2;1p;48 000 Euros
8m2;1p;49 000 Euros
m2;1p;49 000 Euros
m2;1p;49 500 Euros
6m2;1p;49 500 Euros
8m2;1p;49 900 Euros
9m2;1p;50 000 Euros
6m2;1p;50 000 Euros
7m2;1p;50 000 Euros
7m2;1p;52 000 Euros
5m2;1p;55 000 Euros
5m2;1p;55 000 Euros
7m2;1p;55 000 Euros
6m2;1p;55 000 Euros
6m2;1p;56 000 Euros
6m2;1p;57 500 Euros
8m2;1p;59 000 Euros
10m2;1p;59 000 Euros
6m2;1p;59 000 Euros
7m2;1p;60 000 Euros
6m2;1p;60 000 Euros
8m2;1p;60 000 Euros
7m2;1p;60 000 Euros
7m2;1p;60 000 Euros
6m2;1p;60 000 Euros
6m2;1p;60 000 Euros
5m2;1p;60 500 Euros
6m2;1p;61 000 Euros
8m2;1p;65 000 Euros
7m2;1p;65 000 Euros
7m2;1p;65 000 Euros
6m2;1p;65 000 Euros
8m2;1p;66 000 Euros
8m2;1p;68 000 Euros
8m2;1p;69 000 Euros
7m2;1p;69 000 Euros
8m2;1p;69 000 Euros
6m2;1p;69 000 Euros
8m2;1p;69 000 Euros
5m2;1p;69 500 Euros
6m2;1p;69 900 Euros
8m2;1p;69 900 Euros
9m2;1p;70 000 Euros
7m2;1p;70 000 Euros
9m2;1p;71 500 Euros
13m2;1p;72 000 Euros
8m2;1p;72 000 Euros
8m2;1p;72 000 Euros
6m2;1p;72 000 Euros
7m2;1p;73 000 Euros
10m2;1p;74 500 Euros
6m2;1p;74 500 Euros
7m2;1p;75 000 Euros
6m2;1p;75 000 Euros
9m2;1p;75 000 Euros
6m2;1p;75 000 Euros
13m2;1p;75 000 Euros
6m2;1p;75 000 Euros
8m2;1p;75 000 Euros
7m2;1p;75 000 Euros
m2;1p;75 000 Euros
8m2;1p;75 000 Euros
7m2;1p;75 000 Euros
7m2;1p;76 000 Euros
9m2;1p;76 000 Euros
7m2;1p;76 000 Euros
8m2;1p;76 300 Euros
8m2;1p;76 300 Euros
9m2;1p;77 000 Euros
5m2;1p;77 000 Euros
10m2;1p;77 000 Euros
7m2;1p;77 000 Euros
10m2;1p;77 000 Euros
8m2;1p;77 000 Euros
8m2;1p;77 000 Euros
7m2;1p;77 000 Euros
8m2;1p;78 000 Euros
6m2;1p;78 000 Euros
8m2;1p;78 000 Euros
7m2;1p;78 000 Euros
7m2;1p;79 000 Euros
7m2;1p;79 000 Euros
7m2;1p;79 000 Euros
7m2;1p;79 000 Euros
9m2;1p;79 000 Euros
7m2;1p;79 000 Euros
7m2;1p;79 000 Euros
8m2;1p;79 800 Euros
7m2;1p;80 000 Euros
8m2;1p;80 000 Euros
13m2;1p;80 000 Euros
8m2;1p;80 000 Euros
8m2;1p;80 000 Euros
6m2;1p;80 000 Euros
7m2;1p;80 000 Euros
13m2;1p;80 000 Euros
6m2;1p;80 000 Euros
7m2;1p;80 000 Euros
8m2;1p;80 000 Euros
7m2;1p;80 000 Euros
8m2;1p;81 000 Euros
9m2;1p;81 000 Euros
6m2;1p;82 000 Euros
8m2;1p;82 000 Euros
7m2;1p;82 500 Euros
8m2;1p;83 000 Euros
8m2;1p;83 000 Euros
8m2;1p;83 000 Euros
6m2;1p;83 000 Euros
8m2;1p;83 000 Euros
9m2;1p;83 300 Euros
20m2;1p;84 400 Euros
8m2;1p;85 000 Euros
8m2;1p;85 000 Euros
8m2;1p;85 000 Euros
7m2;1p;85 000 Euros
6m2;1p;85 000 Euros
7m2;1p;85 000 Euros
8m2;1p;86 000 Euros
8m2;1p;86 000 Euros
7m2;1p;86 000 Euros
6m2;1p;86 000 Euros
8m2;1p;86 000 Euros
8m2;1p;86 000 Euros
7m2;1p;86 000 Euros
6m2;1p;86 170 Euros
8m2;1p;86 500 Euros
8m2;1p;87 000 Euros
7m2;1p;87 000 Euros
7m2;1p;87 000 Euros
8m2;1p;87 000 Euros
9m2;1p;87 000 Euros
8m2;1p;87 200 Euros
8m2;1p;87 200 Euros
8m2;1p;88 000 Euros
8m2;1p;88 000 Euros
7m2;1p;89 000 Euros
8m2;1p;89 000 Euros
7m2;1p;89 000 Euros
9m2;1p;89 000 Euros
18m2;1p;89 000 Euros
9m2;1p;89 000 Euros
6m2;1p;89 000 Euros
6m2;1p;89 000 Euros
10m2;1p;89 500 Euros
7m2;1p;89 900 Euros
8m2;1p;90 000 Euros
8m2;1p;90 000 Euros
17m2;1p;95 000 Euros
9m2;1p;95 000 Euros
7m2;1p;95 000 Euros
8m2;1p;95 000 Euros
9m2;1p;95 000 Euros
9m2;1p;95 000 Euros
8m2;1p;95 000 Euros
8m2;1p;95 000 Euros
10m2;1p;95 000 Euros
8m2;1p;95 000 Euros
8m2;1p;95 000 Euros
8m2;1p;95 000 Euros
8m2;1p;95 000 Euros
9m2;1p;95 000 Euros
9m2;1p;96 000 Euros
8m2;1p;96 000 Euros
8m2;1p;97 000 Euros
10m2;1p;97 000 Euros
19m2;1p;97 000 Euros
5m2;1p;97 000 Euros
5m2;1p;97 000 Euros
8m2;1p;97 000 Euros
9m2;1p;97 000 Euros
8m2;1p;97 000 Euros
7m2;1p;98 000 Euros
9m2;1p;98 000 Euros
7m2;1p;98 000 Euros
9m2;1p;98 000 Euros
10m2;1p;98 000 Euros
11m2;1p;98 000 Euros
8m2;1p;98 000 Euros
9m2;1p;99 000 Euros
8m2;1p;99 000 Euros
11m2;1p;99 000 Euros
9m2;1p;99 000 Euros
9m2;1p;99 000 Euros
9m2;1p;99 000 Euros
9m2;1p;99 000 Euros
6m2;1p;99 000 Euros
8m2;1p;99 000 Euros
13m2;1p;99 000 Euros
9m2;1p;99 000 Euros
8m2;1p;99 000 Euros
19m2;1p;99 000 Euros
10m2;1p;99 500 Euros
8m2;1p;99 500 Euros
8m2;1p;99 500 Euros
9m2;1p;99 500 Euros
8m2;1p;99 500 Euros
9m2;1p;99 500 Euros
7m2;1p;100 000 Euros
8m2;1p;100 000 Euros
14m2;2p;100 000 Euros
m2;1p;100 000 Euros
12m2;1p;100 000 Euros
8m2;1p;100 000 Euros
11m2;1p;100 000 Euros
9m2;1p;100 000 Euros
10m2;1p;100 000 Euros
8m2;1p;100 000 Euros
10m2;1p;100 000 Euros
8m2;1p;100 000 Euros
9m2;1p;100 000 Euros
8m2;1p;100 000 Euros
8m2;1p;102 000 Euros
18m2;3p;102 000 Euros
9m2;1p;102 000 Euros
9m2;1p;102 000 Euros
9m2;1p;103 500 Euros
8m2;1p;104 000 Euros
9m2;1p;105 000 Euros
8m2;1p;105 000 Euros
8m2;1p;105 000 Euros
10m2;1p;105 000 Euros
10m2;1p;105 000 Euros
8m2;1p;105 000 Euros
11m2;1p;105 000 Euros
8m2;1p;105 000 Euros
10m2;1p;105 000 Euros
9m2;1p;105 000 Euros
10m2;1p;105 000 Euros
8m2;1p;105 000 Euros
10m2;1p;105 000 Euros
9m2;1p;106 000 Euros
11m2;1p;106 490 Euros
10m2;1p;106 500 Euros
m2;2p;108 000 Euros
9m2;1p;108 000 Euros
9m2;1p;108 000 Euros
9m2;1p;108 000 Euros
9m2;1p;109 000 Euros
10m2;1p;109 000 Euros
10m2;1p;109 000 Euros
10m2;1p;109 000 Euros
9m2;1p;109 725 Euros
10m2;1p;109 900 Euros
8m2;1p;110 000 Euros
7m2;1p;110 000 Euros
10m2;1p;110 000 Euros
9m2;1p;110 000 Euros
10m2;1p;110 000 Euros
9m2;1p;110 000 Euros
8m2;1p;110 000 Euros
15m2;1p;110 000 Euros
11m2;1p;110 000 Euros
11m2;1p;110 000 Euros
8m2;1p;110 000 Euros
8m2;1p;110 000 Euros
11m2;1p;110 000 Euros
18m2;1p;112 000 Euros
8m2;1p;113 000 Euros
10m2;1p;113 000 Euros
13m2;1p;113 000 Euros
9m2;1p;113 000 Euros
13m2;1p;113 000 Euros
10m2;1p;113 000 Euros
10m2;1p;113 000 Euros
9m2;1p;113 000 Euros
10m2;1p;114 000 Euros
10m2;1p;114 000 Euros
7m2;1p;114 500 Euros
10m2;1p;114 900 Euros
11m2;1p;115 000 Euros
13m2;1p;115 000 Euros
11m2;1p;115 000 Euros
11m2;1p;115 000 Euros
9m2;1p;115 000 Euros
12m2;1p;115 000 Euros
13m2;1p;115 000 Euros
10m2;1p;115 000 Euros
8m2;1p;115 000 Euros
10m2;1p;115 000 Euros
11m2;1p;115 000 Euros
8m2;1p;115 000 Euros
7m2;1p;115 000 Euros
10m2;1p;115 500 Euros
10m2;1p;115 500 Euros
8m2;1p;115 500 Euros
9m2;1p;116 000 Euros
10m2;1p;117 000 Euros
18m2;1p;117 000 Euros
18m2;1p;117 321 Euros
18m2;1p;117 321 Euros
9m2;1p;117 700 Euros
9m2;1p;117 700 Euros
9m2;1p;117 700 Euros
18m2;1p;117 796 Euros
18m2;1p;117 796 Euros
13m2;1p;118 000 Euros
18m2;1p;118 044 Euros
9m2;1p;119 000 Euros
12m2;1p;119 000 Euros
8m2;1p;119 000 Euros
11m2;1p;119 000 Euros
6m2;1p;119 000 Euros
9m2;1p;119 000 Euros
9m2;1p;119 900 Euros
10m2;1p;119 999 Euros
11m2;1p;120 000 Euros
8m2;1p;120 000 Euros
12m2;1p;120 000 Euros
10m2;1p;120 000 Euros
9m2;1p;120 000 Euros
9m2;1p;120 000 Euros
12m2;1p;120 000 Euros
23m2;1p;120 000 Euros
11m2;1p;120 000 Euros
10m2;1p;120 000 Euros
12m2;1p;120 000 Euros
18m2;2p;120 000 Euros
10m2;1p;120 000 Euros
11m2;1p;120 000 Euros
10m2;1p;121 000 Euros
10m2;1p;121 000 Euros
9m2;1p;121 000 Euros
10m2;1p;122 000 Euros
10m2;1p;122 000 Euros
11m2;1p;122 000 Euros
12m2;1p;122 000 Euros
9m2;1p;123 000 Euros
18m2;1p;123 200 Euros
7m2;1p;124 000 Euros
11m2;1p;124 000 Euros
9m2;1p;124 000 Euros
23m2;1p;124 000 Euros
10m2;1p;124 500 Euros
9m2;1p;125 000 Euros
11m2;1p;125 000 Euros
10m2;1p;125 000 Euros
10m2;1p;125 000 Euros
10m2;1p;125 000 Euros
11m2;1p;125 000 Euros
9m2;1p;125 000 Euros
11m2;1p;125 000 Euros
10m2;1p;125 000 Euros
10m2;1p;125 000 Euros
11m2;1p;125 000 Euros
11m2;1p;125 000 Euros
19m2;1p;127 000 Euros
10m2;1p;127 000 Euros
14m2;1p;127 000 Euros
18m2;1p;127 188 Euros
10m2;1p;127 200 Euros
18m2;1p;127 500 Euros
12m2;1p;127 500 Euros
11m2;1p;127 500 Euros
10m2;1p;128 000 Euros
15m2;1p;128 000 Euros
9m2;1p;128 000 Euros
12m2;1p;128 000 Euros
18m2;1p;128 020 Euros
12m2;1p;128 500 Euros
22m2;1p;129 000 Euros
12m2;1p;129 000 Euros
10m2;1p;129 000 Euros
10m2;1p;129 000 Euros
8m2;1p;129 000 Euros
9m2;1p;129 000 Euros
11m2;1p;129 000 Euros
15m2;1p;129 000 Euros
22m2;1p;129 000 Euros
12m2;1p;129 000 Euros
11m2;1p;129 000 Euros
10m2;1p;129 500 Euros
10m2;1p;129 600 Euros
12m2;1p;129 900 Euros
12m2;1p;129 900 Euros
8m2;1p;130 000 Euros
12m2;1p;130 000 Euros
10m2;1p;130 000 Euros
9m2;1p;130 000 Euros
10m2;1p;130 000 Euros
12m2;1p;130 000 Euros
8m2;1p;130 000 Euros
11m2;1p;130 000 Euros
12m2;1p;130 000 Euros
12m2;1p;130 000 Euros
8m2;1p;130 000 Euros
13m2;1p;130 000 Euros
13m2;1p;130 000 Euros
13m2;1p;130 000 Euros
10m2;1p;130 000 Euros
10m2;1p;130 000 Euros
8m2;1p;130 000 Euros
10m2;1p;130 000 Euros
13m2;1p;130 000 Euros
14m2;1p;130 000 Euros
13m2;1p;130 000 Euros
10m2;1p;130 000 Euros
7m2;1p;130 500 Euros
m2;1p;131 500 Euros
11m2;1p;132 000 Euros
12m2;1p;132 000 Euros
11m2;1p;132 000 Euros
12m2;1p;132 000 Euros
19m2;1p;132 130 Euros
19m2;1p;132 130 Euros
12m2;1p;132 500 Euros
10m2;1p;132 500 Euros
10m2;1p;132 500 Euros
19m2;1p;132 991 Euros
21m2;1p;133 000 Euros
11m2;1p;133 000 Euros
13m2;1p;133 000 Euros
11m2;1p;133 000 Euros
9m2;1p;133 990 Euros
12m2;1p;134 000 Euros
14m2;1p;134 000 Euros
13m2;1p;135 000 Euros
14m2;1p;135 000 Euros
11m2;1p;135 000 Euros
9m2;1p;135 000 Euros
9m2;1p;135 000 Euros
11m2;1p;135 000 Euros
12m2;1p;135 000 Euros
14m2;1p;135 000 Euros
9m2;1p;135 000 Euros
14m2;1p;135 000 Euros
12m2;1p;135 000 Euros
15m2;1p;135 000 Euros
12m2;1p;135 000 Euros
15m2;1p;135 000 Euros
15m2;1p;135 000 Euros
13m2;1p;135 000 Euros
13m2;1p;135 000 Euros
14m2;1p;135 000 Euros
11m2;1p;135 000 Euros
21m2;1p;135 000 Euros
9m2;1p;135 000 Euros
8m2;1p;136 000 Euros
12m2;1p;136 600 Euros
15m2;1p;137 000 Euros
8m2;1p;137 000 Euros
11m2;1p;137 800 Euros
9m2;1p;138 000 Euros
m2;2p;138 000 Euros
12m2;1p;138 000 Euros
12m2;1p;138 000 Euros
10m2;1p;138 000 Euros
22m2;1p;138 000 Euros
12m2;1p;138 000 Euros
m2;2p;138 000 Euros
19m2;1p;138 246 Euros
11m2;1p;138 500 Euros
12m2;1p;138 600 Euros
11m2;1p;138 600 Euros
12m2;1p;138 600 Euros
12m2;1p;138 600 Euros
10m2;1p;139 000 Euros
12m2;1p;139 000 Euros
12m2;1p;139 000 Euros
10m2;1p;139 000 Euros
10m2;1p;139 000 Euros
14m2;1p;139 000 Euros
8m2;1p;139 000 Euros
12m2;1p;139 000 Euros
9m2;1p;139 520 Euros
18m2;1p;139 655 Euros
18m2;1p;139 655 Euros
15m2;1p;139 900 Euros
10m2;1p;139 900 Euros
11m2;1p;139 900 Euros
12m2;1p;140 000 Euros
m2;2p;140 000 Euros
16m2;1p;140 000 Euros
9m2;1p;140 000 Euros
12m2;1p;140 000 Euros
11m2;1p;140 000 Euros
12m2;1p;140 000 Euros
11m2;1p;140 000 Euros
9m2;1p;140 000 Euros
12m2;1p;140 000 Euros
13m2;1p;140 000 Euros
11m2;1p;140 000 Euros
12m2;1p;140 000 Euros
9m2;1p;140 099 Euros
10m2;1p;140 300 Euros
10m2;1p;140 400 Euros
10m2;1p;140 400 Euros
11m2;1p;142 000 Euros
15m2;1p;142 000 Euros
11m2;1p;142 000 Euros
10m2;1p;142 000 Euros
13m2;1p;142 000 Euros
16m2;1p;142 500 Euros
18m2;1p;143 000 Euros
16m2;1p;143 000 Euros
13m2;2p;143 000 Euros
12m2;1p;143 100 Euros
12m2;1p;143 100 Euros
12m2;1p;144 000 Euros
10m2;1p;144 450 Euros
12m2;1p;145 000 Euros
17m2;1p;145 000 Euros
12m2;1p;145 000 Euros
14m2;1p;145 000 Euros
16m2;1p;145 000 Euros
9m2;1p;145 000 Euros
14m2;1p;145 000 Euros
9m2;1p;145 000 Euros
14m2;1p;145 000 Euros
12m2;1p;145 000 Euros
14m2;1p;145 000 Euros
13m2;1p;145 000 Euros
14m2;1p;145 000 Euros
18m2;1p;145 600 Euros
8m2;1p;146 000 Euros
11m2;1p;147 000 Euros
12m2;1p;147 660 Euros
12m2;1p;148 000 Euros
10m2;1p;148 000 Euros
9m2;1p;148 500 Euros
12m2;1p;149 000 Euros
14m2;1p;149 000 Euros
14m2;1p;149 000 Euros
12m2;1p;149 000 Euros
14m2;1p;149 000 Euros
11m2;1p;149 000 Euros
10m2;1p;149 000 Euros
10m2;1p;149 000 Euros
10m2;1p;149 000 Euros
12m2;1p;149 000 Euros
10m2;1p;149 000 Euros
12m2;1p;149 000 Euros
14m2;1p;149 000 Euros
21m2;1p;149 132 Euros
21m2;1p;149 132 Euros
14m2;1p;149 360 Euros
14m2;1p;149 500 Euros
10m2;1p;149 500 Euros
14m2;1p;149 700 Euros
16m2;1p;149 900 Euros
10m2;1p;150 000 Euros
9m2;1p;150 000 Euros
16m2;1p;150 000 Euros
15m2;1p;150 000 Euros
14m2;1p;150 000 Euros
14m2;1p;150 000 Euros
16m2;1p;150 000 Euros
14m2;1p;150 000 Euros
16m2;1p;150 000 Euros
16m2;1p;150 000 Euros
11m2;1p;150 000 Euros
15m2;1p;150 000 Euros
14m2;1p;150 000 Euros
8m2;1p;150 000 Euros
17m2;1p;150 000 Euros
12m2;1p;150 000 Euros
11m2;1p;150 000 Euros
14m2;1p;150 000 Euros
14m2;1p;151 000 Euros
10m2;1p;151 000 Euros
12m2;1p;152 980 Euros
9m2;1p;153 000 Euros
17m2;2p;153 000 Euros
14m2;1p;153 700 Euros
22m2;1p;153 958 Euros
18m2;1p;154 000 Euros
18m2;2p;154 000 Euros
23m2;1p;154 000 Euros
14m2;1p;154 000 Euros
10m2;1p;155 000 Euros
32m2;2p;155 000 Euros
13m2;1p;155 000 Euros
15m2;1p;155 000 Euros
12m2;1p;155 000 Euros
18m2;1p;155 000 Euros
11m2;1p;155 000 Euros
14m2;1p;155 000 Euros
12m2;1p;155 000 Euros
8m2;1p;155 000 Euros
16m2;1p;155 000 Euros
18m2;1p;155 000 Euros
18m2;1p;155 000 Euros
10m2;1p;155 000 Euros
9m2;1p;155 000 Euros
10m2;1p;155 000 Euros
18m2;1p;155 000 Euros
18m2;1p;155 000 Euros
16m2;1p;155 000 Euros
14m2;1p;155 000 Euros
12m2;1p;155 830 Euros
11m2;1p;156 000 Euros
18m2;1p;156 000 Euros
15m2;1p;156 000 Euros
11m2;1p;156 000 Euros
18m2;1p;156 000 Euros
14m2;1p;156 000 Euros
34m2;1p;156 240 Euros
11m2;1p;156 600 Euros
13m2;1p;157 000 Euros
15m2;2p;157 000 Euros
14m2;1p;157 000 Euros
11m2;1p;157 000 Euros
10m2;1p;157 000 Euros
15m2;1p;157 500 Euros
9m2;1p;157 500 Euros
12m2;1p;157 500 Euros
14m2;2p;157 500 Euros
11m2;1p;158 000 Euros
11m2;1p;158 000 Euros
11m2;1p;158 000 Euros
14m2;1p;158 000 Euros
23m2;1p;158 333 Euros
14m2;1p;158 461 Euros
14m2;1p;159 000 Euros
16m2;1p;159 000 Euros
13m2;1p;159 000 Euros
13m2;1p;159 000 Euros
18m2;2p;159 000 Euros
13m2;1p;159 000 Euros
13m2;1p;159 900 Euros
16m2;1p;159 900 Euros
11m2;1p;159 999 Euros
11m2;1p;159 999 Euros
11m2;1p;159 999 Euros
13m2;1p;160 000 Euros
13m2;1p;160 000 Euros
18m2;1p;160 000 Euros
20m2;1p;160 000 Euros
12m2;1p;160 000 Euros
13m2;1p;160 000 Euros
9m2;1p;160 000 Euros
11m2;1p;160 000 Euros
11m2;1p;160 000 Euros
11m2;1p;160 000 Euros
19m2;2p;160 000 Euros
13m2;1p;160 000 Euros
17m2;1p;160 000 Euros
13m2;1p;160 000 Euros
13m2;1p;160 000 Euros
20m2;1p;160 000 Euros
14m2;1p;160 000 Euros
18m2;1p;160 000 Euros
18m2;1p;160 000 Euros
14m2;1p;160 000 Euros
14m2;1p;160 500 Euros
14m2;1p;160 956 Euros
19m2;1p;161 000 Euros
14m2;1p;161 200 Euros
12m2;1p;162 000 Euros
17m2;1p;162 750 Euros
15m2;1p;163 000 Euros
16m2;1p;163 000 Euros
13m2;2p;163 000 Euros
11m2;1p;163 000 Euros
16m2;1p;163 000 Euros
21m2;1p;163 069 Euros
21m2;1p;163 069 Euros
9m2;1p;163 530 Euros
14m2;1p;164 000 Euros
14m2;1p;164 000 Euros
14m2;1p;164 980 Euros
11m2;1p;165 000 Euros
13m2;1p;165 000 Euros
13m2;1p;165 000 Euros
14m2;1p;165 000 Euros
15m2;1p;165 000 Euros
12m2;1p;165 000 Euros
13m2;1p;165 000 Euros
13m2;1p;165 000 Euros
17m2;1p;165 000 Euros
11m2;1p;165 000 Euros
14m2;1p;165 850 Euros
9m2;1p;166 000 Euros
20m2;1p;166 000 Euros
15m2;1p;166 000 Euros
20m2;1p;166 000 Euros
13m2;1p;166 370 Euros
14m2;1p;166 400 Euros
16m2;1p;166 900 Euros
12m2;1p;167 000 Euros
12m2;1p;167 000 Euros
19m2;1p;167 000 Euros
17m2;1p;167 500 Euros
16m2;1p;168 000 Euros
18m2;1p;168 000 Euros
17m2;1p;168 000 Euros
16m2;1p;168 000 Euros
7m2;1p;168 800 Euros
9m2;1p;168 950 Euros
13m2;1p;169 000 Euros
13m2;1p;169 000 Euros
18m2;1p;169 000 Euros
20m2;1p;169 000 Euros
17m2;1p;169 000 Euros
13m2;1p;169 000 Euros
15m2;1p;169 250 Euros
16m2;2p;169 500 Euros
13m2;1p;170 000 Euros
15m2;1p;170 000 Euros
16m2;1p;170 000 Euros
15m2;1p;170 000 Euros
11m2;1p;170 000 Euros
12m2;1p;170 000 Euros
11m2;1p;170 000 Euros
11m2;1p;170 000 Euros
15m2;1p;170 000 Euros
15m2;1p;170 000 Euros
14m2;1p;170 000 Euros
14m2;1p;170 000 Euros
16m2;1p;170 000 Euros
15m2;1p;170 000 Euros
14m2;1p;170 000 Euros
17m2;1p;170 000 Euros
12m2;1p;170 000 Euros
11m2;1p;170 000 Euros
16m2;1p;170 000 Euros
14m2;1p;170 000 Euros
14m2;1p;170 000 Euros
14m2;1p;170 000 Euros
14m2;1p;170 000 Euros
14m2;1p;171 000 Euros
21m2;2p;171 200 Euros
15m2;1p;171 212 Euros
13m2;1p;171 900 Euros
13m2;1p;171 900 Euros
17m2;1p;172 000 Euros
19m2;1p;172 000 Euros
21m2;1p;172 000 Euros
21m2;1p;172 000 Euros
17m2;1p;172 000 Euros
13m2;1p;172 800 Euros
21m2;1p;173 000 Euros
14m2;1p;173 000 Euros
17m2;1p;173 000 Euros
15m2;1p;173 000 Euros
18m2;1p;173 000 Euros
18m2;1p;173 000 Euros
14m2;1p;173 200 Euros
14m2;1p;174 000 Euros
21m2;1p;174 000 Euros
20m2;1p;174 000 Euros
12m2;1p;174 000 Euros
23m2;1p;175 000 Euros
14m2;1p;175 000 Euros
18m2;1p;175 000 Euros
10m2;1p;175 000 Euros
15m2;1p;175 000 Euros
15m2;1p;175 000 Euros
19m2;1p;175 000 Euros
19m2;1p;175 000 Euros
18m2;1p;175 000 Euros
17m2;1p;175 000 Euros
15m2;1p;175 000 Euros
16m2;1p;175 000 Euros
14m2;1p;175 000 Euros
16m2;1p;175 000 Euros
13m2;1p;175 000 Euros
14m2;1p;175 000 Euros
16m2;1p;175 000 Euros
17m2;1p;175 000 Euros
15m2;1p;175 000 Euros
15m2;1p;175 000 Euros
15m2;1p;175 000 Euros
12m2;1p;175 000 Euros
18m2;1p;175 000 Euros
9m2;1p;176 000 Euros
11m2;1p;176 000 Euros
16m2;1p;176 000 Euros
14m2;1p;176 500 Euros
18m2;1p;176 800 Euros
14m2;1p;177 000 Euros
14m2;1p;177 000 Euros
14m2;1p;177 000 Euros
14m2;1p;177 000 Euros
17m2;1p;177 400 Euros
19m2;1p;177 791 Euros
19m2;1p;177 791 Euros
17m2;1p;178 000 Euros
13m2;1p;178 000 Euros
17m2;1p;178 000 Euros
12m2;1p;178 000 Euros
15m2;1p;178 000 Euros
14m2;1p;178 000 Euros
17m2;1p;178 000 Euros
15m2;1p;178 000 Euros
15m2;1p;178 500 Euros
12m2;1p;179 000 Euros
16m2;1p;179 000 Euros
11m2;1p;179 000 Euros
12m2;1p;179 000 Euros
16m2;1p;179 000 Euros
13m2;1p;179 000 Euros
18m2;1p;179 000 Euros
20m2;1p;179 000 Euros
19m2;2p;179 000 Euros
15m2;1p;179 900 Euros
18m2;1p;180 000 Euros
20m2;1p;180 000 Euros
20m2;1p;180 000 Euros
12m2;1p;180 000 Euros
10m2;1p;180 000 Euros
17m2;1p;180 000 Euros
17m2;1p;180 000 Euros
14m2;1p;180 000 Euros
19m2;1p;180 000 Euros
11m2;1p;180 000 Euros
13m2;1p;180 000 Euros
16m2;1p;180 000 Euros
18m2;1p;180 000 Euros
20m2;1p;180 000 Euros
11m2;1p;180 000 Euros
10m2;1p;180 000 Euros
13m2;1p;180 000 Euros
11m2;1p;180 000 Euros
14m2;1p;180 000 Euros
15m2;1p;180 000 Euros
12m2;1p;180 000 Euros
11m2;1p;180 000 Euros
19m2;1p;180 000 Euros
13m2;1p;180 000 Euros
12m2;1p;180 000 Euros
13m2;1p;180 000 Euros
17m2;1p;180 000 Euros
16m2;1p;180 000 Euros
12m2;1p;180 000 Euros
14m2;1p;180 000 Euros
16m2;1p;180 000 Euros
21m2;1p;181 000 Euros
17m2;1p;181 900 Euros
25m2;2p;181 900 Euros
17m2;1p;181 900 Euros
14m2;1p;183 000 Euros
18m2;1p;183 000 Euros
16m2;1p;184 000 Euros
13m2;1p;184 000 Euros
15m2;1p;184 000 Euros
16m2;1p;184 000 Euros
18m2;1p;184 600 Euros
21m2;1p;185 000 Euros
14m2;1p;185 000 Euros
12m2;1p;185 000 Euros
15m2;1p;185 000 Euros
16m2;1p;185 000 Euros
16m2;1p;185 000 Euros
18m2;1p;185 000 Euros
19m2;1p;185 000 Euros
20m2;1p;185 000 Euros
16m2;1p;185 000 Euros
19m2;1p;185 000 Euros
20m2;1p;185 000 Euros
21m2;1p;185 000 Euros
16m2;1p;185 000 Euros
18m2;1p;185 000 Euros
18m2;1p;185 000 Euros
28m2;2p;185 000 Euros
17m2;1p;185 000 Euros
17m2;1p;185 000 Euros
16m2;1p;185 000 Euros
14m2;1p;185 500 Euros
18m2;1p;185 500 Euros
17m2;1p;187 500 Euros
16m2;1p;188 000 Euros
19m2;1p;188 000 Euros
16m2;1p;188 000 Euros
20m2;1p;188 000 Euros
8m2;1p;188 000 Euros
18m2;1p;188 000 Euros
22m2;1p;188 500 Euros
19m2;1p;189 000 Euros
14m2;1p;189 000 Euros
18m2;1p;189 000 Euros
17m2;1p;189 000 Euros
16m2;1p;189 000 Euros
19m2;1p;189 000 Euros
19m2;1p;189 000 Euros
19m2;1p;189 000 Euros
13m2;1p;189 000 Euros
15m2;1p;189 000 Euros
18m2;1p;189 000 Euros
12m2;1p;189 000 Euros
17m2;1p;189 000 Euros
16m2;1p;189 000 Euros
23m2;1p;189 500 Euros
18m2;1p;189 500 Euros
13m2;1p;189 900 Euros
14m2;1p;190 000 Euros
16m2;1p;190 000 Euros
11m2;1p;190 000 Euros
19m2;1p;190 000 Euros
15m2;1p;190 000 Euros
15m2;1p;190 000 Euros
20m2;1p;190 000 Euros
17m2;1p;190 000 Euros
13m2;1p;190 000 Euros
21m2;1p;190 000 Euros
16m2;1p;190 000 Euros
11m2;1p;190 000 Euros
14m2;1p;190 000 Euros
11m2;1p;190 000 Euros
15m2;1p;190 000 Euros
19m2;2p;190 000 Euros
18m2;1p;190 000 Euros
19m2;1p;190 000 Euros
13m2;1p;190 000 Euros
13m2;1p;190 000 Euros
18m2;1p;190 000 Euros
19m2;1p;190 000 Euros
20m2;1p;190 000 Euros
18m2;1p;190 000 Euros
17m2;1p;190 000 Euros
19m2;1p;190 000 Euros
15m2;1p;190 000 Euros
23m2;1p;190 800 Euros
15m2;1p;190 800 Euros
17m2;1p;191 000 Euros
15m2;1p;192 000 Euros
16m2;1p;192 000 Euros
16m2;1p;192 000 Euros
13m2;1p;192 990 Euros
17m2;1p;193 000 Euros
17m2;1p;193 000 Euros
26m2;1p;194 000 Euros
20m2;1p;194 000 Euros
19m2;1p;194 000 Euros
16m2;1p;194 000 Euros
20m2;2p;195 000 Euros
17m2;1p;195 000 Euros
20m2;1p;195 000 Euros
16m2;1p;195 000 Euros
17m2;1p;195 000 Euros
15m2;1p;195 000 Euros
16m2;1p;195 000 Euros
16m2;1p;195 000 Euros
14m2;1p;195 000 Euros
17m2;1p;195 000 Euros
18m2;1p;195 000 Euros
16m2;1p;195 000 Euros
20m2;2p;195 000 Euros
14m2;1p;195 000 Euros
17m2;1p;195 000 Euros
20m2;1p;195 000 Euros
17m2;1p;195 000 Euros
17m2;1p;195 000 Euros
16m2;1p;196 000 Euros
18m2;1p;197 000 Euros
15m2;1p;197 000 Euros
11m2;1p;197 000 Euros
18m2;1p;197 000 Euros
22m2;2p;197 000 Euros
21m2;2p;197 000 Euros
22m2;1p;197 200 Euros
22m2;1p;197 200 Euros
25m2;1p;197 451 Euros
23m2;1p;197 600 Euros
21m2;2p;198 000 Euros
17m2;1p;198 000 Euros
17m2;1p;198 000 Euros
22m2;1p;198 000 Euros
14m2;1p;198 000 Euros
18m2;1p;199 000 Euros
14m2;1p;199 000 Euros
20m2;1p;199 000 Euros
16m2;1p;199 000 Euros
14m2;1p;199 000 Euros
21m2;1p;199 000 Euros
14m2;1p;199 000 Euros
12m2;1p;199 000 Euros
18m2;1p;199 000 Euros
14m2;1p;199 000 Euros
18m2;1p;199 000 Euros
18m2;1p;199 000 Euros
18m2;1p;199 000 Euros
17m2;1p;199 000 Euros
16m2;1p;199 000 Euros
14m2;1p;199 000 Euros
20m2;1p;199 000 Euros
20m2;1p;199 000 Euros
17m2;1p;199 000 Euros
18m2;1p;199 000 Euros
17m2;1p;199 000 Euros
14m2;1p;199 000 Euros
13m2;1p;199 000 Euros
22m2;1p;199 000 Euros
15m2;1p;199 000 Euros
18m2;1p;199 000 Euros
19m2;1p;199 000 Euros
20m2;1p;199 000 Euros
18m2;1p;199 000 Euros
14m2;1p;199 000 Euros
13m2;1p;199 000 Euros
19m2;1p;199 000 Euros
20m2;2p;199 000 Euros
18m2;1p;199 500 Euros
14m2;1p;199 500 Euros
19m2;1p;199 500 Euros
15m2;1p;199 500 Euros
17m2;2p;199 500 Euros
14m2;1p;199 500 Euros
23m2;1p;199 500 Euros
14m2;1p;199 500 Euros
14m2;1p;199 500 Euros
14m2;1p;199 685 Euros
16m2;2p;199 900 Euros
21m2;1p;199 900 Euros
22m2;1p;200 000 Euros
22m2;1p;200 000 Euros
25m2;1p;200 000 Euros
18m2;1p;200 000 Euros
25m2;1p;200 000 Euros
18m2;1p;200 000 Euros
15m2;1p;200 000 Euros
19m2;1p;200 000 Euros
22m2;1p;200 000 Euros
14m2;1p;200 000 Euros
25m2;2p;200 000 Euros
17m2;1p;200 000 Euros
18m2;1p;200 000 Euros
14m2;1p;200 000 Euros
16m2;1p;200 000 Euros
16m2;1p;200 000 Euros
22m2;1p;200 000 Euros
26m2;2p;200 000 Euros
15m2;1p;200 000 Euros
15m2;1p;200 000 Euros
22m2;1p;200 000 Euros
19m2;2p;200 000 Euros
15m2;1p;201 000 Euros
19m2;1p;201 400 Euros
15m2;1p;201 680 Euros
13m2;1p;202 000 Euros
24m2;2p;202 000 Euros
18m2;1p;202 000 Euros
13m2;1p;202 000 Euros
20m2;1p;202 500 Euros
15m2;1p;203 000 Euros
21m2;1p;203 000 Euros
23m2;1p;203 300 Euros
14m2;1p;205 000 Euros
19m2;2p;205 000 Euros
30m2;2p;205 000 Euros
14m2;1p;205 000 Euros
16m2;1p;205 000 Euros
24m2;1p;205 000 Euros
23m2;1p;205 000 Euros
23m2;1p;205 000 Euros
20m2;1p;205 000 Euros
18m2;1p;205 000 Euros
23m2;1p;205 000 Euros
19m2;1p;205 000 Euros
14m2;1p;205 000 Euros
22m2;1p;206 000 Euros
14m2;1p;206 000 Euros
22m2;1p;206 000 Euros
18m2;1p;206 000 Euros
36m2;2p;207 000 Euros
25m2;1p;207 000 Euros
19m2;1p;207 000 Euros
23m2;1p;207 500 Euros
18m2;1p;208 000 Euros
14m2;1p;208 000 Euros
24m2;2p;208 000 Euros
25m2;1p;208 500 Euros
15m2;1p;208 500 Euros
20m2;1p;208 500 Euros
12m2;1p;209 000 Euros
19m2;1p;209 000 Euros
18m2;2p;209 000 Euros
15m2;1p;209 000 Euros
19m2;1p;209 000 Euros
21m2;1p;209 000 Euros
19m2;1p;209 000 Euros
18m2;2p;209 000 Euros
13m2;1p;209 000 Euros
17m2;1p;210 000 Euros
23m2;2p;210 000 Euros
19m2;1p;210 000 Euros
18m2;1p;210 000 Euros
20m2;1p;210 000 Euros
20m2;1p;210 000 Euros
12m2;1p;210 000 Euros
22m2;1p;210 000 Euros
20m2;1p;210 000 Euros
17m2;1p;210 000 Euros
20m2;1p;210 000 Euros
16m2;1p;210 000 Euros
22m2;1p;210 000 Euros
20m2;1p;210 000 Euros
23m2;1p;210 000 Euros
20m2;1p;210 000 Euros
16m2;1p;210 000 Euros
18m2;1p;210 000 Euros
22m2;1p;210 000 Euros
20m2;1p;210 000 Euros
15m2;1p;210 000 Euros
22m2;1p;210 000 Euros
26m2;1p;210 000 Euros
20m2;1p;210 000 Euros
15m2;1p;210 000 Euros
30m2;2p;210 000 Euros
13m2;1p;210 000 Euros
21m2;1p;210 000 Euros
19m2;1p;210 000 Euros
15m2;1p;210 000 Euros
20m2;1p;210 000 Euros
20m2;2p;210 000 Euros
19m2;1p;210 000 Euros
21m2;1p;210 000 Euros
24m2;1p;210 000 Euros
16m2;1p;211 000 Euros
18m2;1p;212 000 Euros
18m2;1p;212 000 Euros
22m2;1p;212 000 Euros
19m2;1p;212 000 Euros
17m2;1p;212 000 Euros
14m2;1p;212 000 Euros
21m2;1p;212 000 Euros
m2;1p;213 000 Euros
9m2;1p;213 000 Euros
20m2;1p;213 000 Euros
31m2;1p;213 900 Euros
20m2;1p;214 000 Euros
17m2;1p;214 000 Euros
22m2;1p;214 000 Euros
19m2;1p;214 000 Euros
25m2;2p;214 000 Euros
22m2;1p;214 000 Euros
17m2;1p;214 000 Euros
22m2;1p;215 000 Euros
18m2;1p;215 000 Euros
24m2;1p;215 000 Euros
23m2;1p;215 000 Euros
19m2;2p;215 000 Euros
17m2;1p;215 000 Euros
17m2;1p;215 000 Euros
22m2;1p;215 000 Euros
17m2;1p;215 000 Euros
17m2;1p;215 000 Euros
24m2;2p;215 000 Euros
17m2;1p;215 000 Euros
21m2;1p;215 000 Euros
17m2;1p;215 000 Euros
22m2;1p;215 000 Euros
20m2;1p;215 000 Euros
22m2;1p;215 000 Euros
25m2;1p;215 000 Euros
17m2;1p;215 250 Euros
17m2;1p;215 250 Euros
24m2;1p;216 195 Euros
23m2;1p;217 000 Euros
19m2;1p;217 000 Euros
22m2;1p;217 000 Euros
23m2;1p;217 000 Euros
22m2;1p;217 000 Euros
22m2;1p;217 000 Euros
27m2;2p;217 840 Euros
25m2;2p;218 000 Euros
21m2;1p;218 000 Euros
18m2;1p;218 000 Euros
23m2;1p;218 000 Euros
18m2;1p;218 000 Euros
25m2;1p;218 000 Euros
18m2;1p;218 000 Euros
18m2;1p;218 000 Euros
16m2;1p;218 000 Euros
18m2;1p;218 000 Euros
25m2;1p;218 000 Euros
21m2;1p;219 000 Euros
15m2;1p;219 000 Euros
22m2;1p;219 000 Euros
20m2;1p;219 000 Euros
18m2;1p;219 000 Euros
20m2;1p;219 000 Euros
21m2;1p;219 000 Euros
22m2;1p;219 000 Euros
21m2;1p;219 000 Euros
16m2;1p;219 000 Euros
19m2;1p;219 900 Euros
14m2;1p;220 000 Euros
18m2;1p;220 000 Euros
16m2;1p;220 000 Euros
18m2;1p;220 000 Euros
17m2;1p;220 000 Euros
20m2;2p;220 000 Euros
20m2;1p;220 000 Euros
18m2;1p;220 000 Euros
26m2;1p;220 000 Euros
20m2;1p;220 000 Euros
19m2;1p;220 000 Euros
20m2;1p;220 000 Euros
20m2;2p;220 000 Euros
20m2;1p;220 000 Euros
21m2;2p;220 000 Euros
19m2;1p;220 000 Euros
27m2;2p;220 000 Euros
18m2;1p;220 000 Euros
17m2;1p;220 000 Euros
16m2;1p;220 000 Euros
19m2;1p;220 000 Euros
20m2;1p;220 000 Euros
14m2;1p;220 000 Euros
18m2;1p;220 000 Euros
22m2;1p;220 000 Euros
25m2;1p;220 000 Euros
18m2;1p;220 000 Euros
18m2;2p;220 000 Euros
24m2;1p;220 000 Euros
11m2;1p;220 000 Euros
23m2;1p;220 000 Euros
22m2;2p;220 000 Euros
17m2;1p;220 000 Euros
17m2;1p;220 000 Euros
21m2;1p;220 000 Euros
19m2;1p;220 000 Euros
16m2;1p;220 000 Euros
18m2;1p;220 000 Euros
20m2;1p;220 000 Euros
m2;1p;220 000 Euros
19m2;1p;220 000 Euros
18m2;1p;220 000 Euros
17m2;1p;220 000 Euros
16m2;1p;220 500 Euros
21m2;1p;221 000 Euros
17m2;1p;221 400 Euros
16m2;1p;221 630 Euros
16m2;1p;221 630 Euros
15m2;1p;222 000 Euros
25m2;1p;222 000 Euros
18m2;1p;222 000 Euros
20m2;1p;222 600 Euros
15m2;1p;222 600 Euros
19m2;1p;222 600 Euros
25m2;1p;222 600 Euros
17m2;1p;223 000 Euros
17m2;1p;223 600 Euros
22m2;1p;224 000 Euros
22m2;1p;224 000 Euros
25m2;1p;224 000 Euros
21m2;1p;224 000 Euros
14m2;1p;224 000 Euros
21m2;1p;224 000 Euros
19m2;1p;224 000 Euros
17m2;2p;224 000 Euros
18m2;1p;224 000 Euros
19m2;1p;224 000 Euros
21m2;1p;224 000 Euros
39m2;2p;224 000 Euros
18m2;1p;224 700 Euros
17m2;1p;224 700 Euros
24m2;1p;224 720 Euros
25m2;1p;225 000 Euros
30m2;1p;225 000 Euros
17m2;1p;225 000 Euros
16m2;1p;225 000 Euros
21m2;1p;225 000 Euros
23m2;1p;225 000 Euros
19m2;1p;225 000 Euros
25m2;2p;225 000 Euros
23m2;1p;225 000 Euros
18m2;1p;225 000 Euros
17m2;1p;225 000 Euros
18m2;1p;225 000 Euros
19m2;1p;225 000 Euros
27m2;1p;225 000 Euros
17m2;1p;225 000 Euros
26m2;2p;225 000 Euros
23m2;1p;225 000 Euros
33m2;2p;225 000 Euros
24m2;1p;225 000 Euros
23m2;1p;225 000 Euros
14m2;1p;225 500 Euros
23m2;1p;225 750 Euros
22m2;1p;226 000 Euros
15m2;1p;226 800 Euros
26m2;1p;227 000 Euros
26m2;1p;227 000 Euros
23m2;1p;227 000 Euros
20m2;1p;227 000 Euros
20m2;2p;227 000 Euros
19m2;1p;227 850 Euros
19m2;1p;227 850 Euros
21m2;1p;227 900 Euros
21m2;1p;228 000 Euros
17m2;1p;228 000 Euros
16m2;1p;229 000 Euros
18m2;1p;229 000 Euros
20m2;1p;229 000 Euros
16m2;1p;229 000 Euros
28m2;2p;229 000 Euros
16m2;1p;229 000 Euros
27m2;1p;229 000 Euros
27m2;1p;229 000 Euros
20m2;1p;229 000 Euros
20m2;1p;229 000 Euros
25m2;1p;229 000 Euros
20m2;1p;229 000 Euros
16m2;1p;229 000 Euros
18m2;1p;229 000 Euros
19m2;2p;229 500 Euros
22m2;2p;229 500 Euros
25m2;2p;229 900 Euros
15m2;1p;230 000 Euros
15m2;1p;230 000 Euros
28m2;2p;230 000 Euros
15m2;1p;230 000 Euros
24m2;2p;230 000 Euros
25m2;1p;230 000 Euros
20m2;1p;230 000 Euros
21m2;1p;230 000 Euros
24m2;2p;230 000 Euros
22m2;1p;230 000 Euros
26m2;1p;230 000 Euros
15m2;1p;230 000 Euros
15m2;1p;230 000 Euros
28m2;2p;230 000 Euros
16m2;1p;230 000 Euros
23m2;1p;230 000 Euros
16m2;1p;230 000 Euros
28m2;2p;230 000 Euros
16m2;1p;230 000 Euros
15m2;1p;230 000 Euros
28m2;2p;230 000 Euros
17m2;1p;230 000 Euros
26m2;1p;230 000 Euros
19m2;1p;230 000 Euros
22m2;1p;230 000 Euros
22m2;2p;230 000 Euros
21m2;1p;230 000 Euros
17m2;1p;230 500 Euros
18m2;1p;231 000 Euros
24m2;1p;231 000 Euros
27m2;2p;231 000 Euros
13m2;1p;231 000 Euros
29m2;2p;231 000 Euros
16m2;1p;232 000 Euros
22m2;1p;232 000 Euros
21m2;1p;232 000 Euros
19m2;1p;232 000 Euros
17m2;1p;232 000 Euros
14m2;1p;232 000 Euros
27m2;2p;233 200 Euros
19m2;1p;233 200 Euros
28m2;2p;234 000 Euros
23m2;1p;234 000 Euros
28m2;2p;234 000 Euros
24m2;2p;234 000 Euros
19m2;1p;234 000 Euros
15m2;1p;234 000 Euros
20m2;1p;234 000 Euros
21m2;1p;235 000 Euros
23m2;1p;235 000 Euros
21m2;1p;235 000 Euros
21m2;1p;235 000 Euros
21m2;1p;235 000 Euros
18m2;1p;235 000 Euros
27m2;1p;235 000 Euros
27m2;1p;235 000 Euros
15m2;1p;235 000 Euros
20m2;1p;235 000 Euros
30m2;2p;235 000 Euros
26m2;2p;235 000 Euros
20m2;1p;235 000 Euros
19m2;1p;235 000 Euros
22m2;1p;235 000 Euros
27m2;2p;235 000 Euros
27m2;1p;235 000 Euros
24m2;1p;235 000 Euros
24m2;2p;235 000 Euros
18m2;1p;235 000 Euros
21m2;1p;235 000 Euros
27m2;1p;235 000 Euros
21m2;1p;235 000 Euros
23m2;1p;235 000 Euros
24m2;2p;235 000 Euros
27m2;1p;235 000 Euros
20m2;1p;235 000 Euros
24m2;2p;235 000 Euros
27m2;1p;235 000 Euros
22m2;1p;235 000 Euros
21m2;1p;235 000 Euros
22m2;1p;235 000 Euros
22m2;2p;235 400 Euros
21m2;2p;235 400 Euros
19m2;1p;236 000 Euros
22m2;1p;236 000 Euros
24m2;2p;236 000 Euros
19m2;1p;236 000 Euros
20m2;1p;236 000 Euros
30m2;2p;236 250 Euros
